0,-33,-65
1,-31,-65
2,-39,-61
3,-41,-61
4,-37,-59
5,-31,-53
6,-27,-47
7,-19,-37
8,-15,-27
9,-13,-19
10,-13,-11
11,-25,-3
12,-25,1
13,-25,-9
14,-23,-3
15,-25,-1
16,-33,-3
17,-23,-5
18,-29,-5
19,-23,-5
20,-27,-3
21,-27,1
22,-25,-7
23,-35,-5
24,-29,-5
25,-25,-5
26,-29,-5
27,-29,-1
28,-27,-7
29,-33,-9
30,-31,-5
31,-19,-1
32,-21,3
33,-15,7
34,-17,11
35,5,1
36,5,-11
37,-5,-13
38,-17,-13
39,-23,-11
40,-29,-5
41,-25,-1
42,-31,-9
43,-41,-13
44,-43,-13
45,-43,-11
46,-33,-11
47,-33,-11
48,-31,1
49,-123,25
50,-171,-7
51,-37,-67
52,259,-77
53,515,-29
54,535,61
55,489,125
56,147,-133
57,-83,-147
58,-59,-45
59,-57,-15
60,-69,-17
61,-73,-19
62,-69,-17
63,-61,-19
64,-63,-23
65,-61,-19
66,-53,-21
67,-47,-23
68,-53,-23
69,-49,-27
70,-43,-29
71,-39,-27
72,-35,-37
73,-37,-35
74,-31,-41
75,-25,-47
76,-29,-53
77,-25,-53
78,-29,-53
79,-31,-53
80,-37,-59
81,-35,-55
82,-35,-51
83,-33,-49
84,-33,-45
85,-23,-35
86,-13,-27
87,-19,-21
88,-23,-17
89,-15,-11
90,-23,-11
91,-31,-9
92,-21,-13
93,-25,-9
94,-27,-7
95,-25,-9
96,-23,-9
97,-21,-7
98,-27,-5
99,-27,-7
100,-27,-11
101,-29,-11
102,-25,-7
103,-23,-11
104,-27,-13
105,-27,-13
106,-33,-11
107,-31,-7
108,-23,-9
109,-17,-1
110,-11,7
111,-11,11
112,-9,5
113,13,-11
114,1,-11
115,-3,-17
116,-11,-13
117,-23,-9
118,-27,-3
119,-27,-11
120,-35,-15
121,-41,-15
122,-45,-11
123,-35,-11
124,-35,-11
125,-31,-11
126,-51,21
127,-175,33
128,-129,-21
129,129,-89
130,463,-49
131,585,9
132,545,89
133,245,-135
134,-37,-157
135,-55,-43
136,-55,-7
137,-57,-5
138,-57,-9
139,-67,-9
140,-61,-9
141,-57,-7
142,-55,-11
143,-55,-11
144,-49,-13
145,-49,-9
146,-45,-15
147,-39,-17
148,-41,-19
149,-33,-17
150,-25,-21
151,-27,-27
152,-21,-29
153,-23,-33
154,-23,-35
155,-19,-37
156,-31,-43
157,-33,-47
158,-37,-41
159,-37,-41
160,-35,-39
161,-39,-35
162,-27,-23
163,-21,-19
164,-21,-19
165,-19,-11
166,-19,-3
167,-23,-1
168,-21,-5
169,-23,-1
170,-23,-3
171,-25,-5
172,-23,-5
173,-23,-3
174,-23,-1
175,-23,-1
176,-21,-9
177,-21,-11
178,-19,-5
179,-25,-3
180,-23,-9
181,-21,-9
182,-19,-3
183,-21,-5
184,-21,-11
185,-21,-7
186,-15,-3
187,-9,3
188,-7,9
189,-5,9
190,13,5
191,3,-9
192,-11,-17
193,-19,-11
194,-9,-11
195,-19,-5
196,-29,-7
197,-31,-5
198,-31,-9
199,-37,-11
200,-37,-9
201,-33,-5
202,-31,-5
203,-31,9
204,-137,45
205,-169,7
206,11,-83
207,329,-53
208,545,-39
209,571,93
210,451,-25
211,99,-193
212,-51,-93
213,-43,-5
214,-51,1
215,-59,-3
216,-61,-7
217,-67,-3
218,-61,-7
219,-69,-9
220,-61,-9
221,-53,-7
222,-53,-11
223,-53,-13
224,-41,-13
225,-43,-13
226,-37,-15
227,-33,-19
228,-27,-21
229,-31,-25
230,-21,-25
231,-25,-31
232,-29,-33
233,-27,-39
234,-23,-39
235,-35,-39
236,-39,-43
237,-43,-41
238,-37,-33
239,-37,-27
240,-31,-21
241,-25,-11
242,-25,-9
243,-27,-5
244,-21,-1
245,-25,5
246,-27,1
247,-33,3
248,-35,1
249,-35,1
250,-19,5
251,-25,7
252,-27,7
253,-29,3
254,-25,3
255,-23,1
256,-19,1
257,-25,1
258,-31,3
259,-25,3
260,-25,1
261,-33,1
262,-27,5
263,-23,3
264,-11,13
265,-7,13
266,-17,17
267,-9,15
268,9,-1
269,-1,-3
270,-9,-3
271,-25,-5
272,-29,-5
273,-23,7
274,-27,1
275,-35,-1
276,-45,-3
277,-41,-3
278,-41,1
279,-49,1
280,-37,1
281,-39,21
282,-167,33
283,-155,-11
284,59,-85
285,417,-43
286,577,25
287,529,109
288,315,-37
289,1,-115
290,-61,-47
291,-53,-3
292,-63,-1
293,-71,-3
294,-71,3
295,-73,-1
296,-75,-3
297,-67,-1
298,-59,-3
299,-57,-1
300,-57,-7
301,-53,-5
302,-51,-5
303,-49,-5
304,-41,-9
305,-35,-11
306,-37,-11
307,-29,-15
308,-31,-21
309,-35,-25
310,-29,-23
311,-43,-29
312,-43,-31
313,-43,-31
314,-53,-29
315,-49,-29
316,-45,-25
317,-35,-23
318,-37,-15
319,-35,-9
320,-35,-5
321,-35,-1
322,-33,3
323,-35,5
324,-37,3
325,-41,3
326,-37,5
327,-37,7
328,-37,1
329,-33,3
330,-35,9
331,-39,3
332,-33,1
333,-37,5
334,-39,3
335,-33,5
336,-35,1
337,-35,3
338,-35,5
339,-37,3
340,-37,1
341,-39,3
342,-41,5
343,-25,7
344,-25,11
345,-29,13
346,-19,17
347,-5,5
348,-7,-3
349,-15,-9
350,-23,-3
351,-29,-1
352,-35,3
353,-43,1
354,-45,-1
355,-47,-3
356,-49,-3
357,-51,-1
358,-49,1
359,-47,-3
360,-37,7
361,-145,39
362,-181,-5
363,-21,-113
364,329,-57
365,523,31
366,507,161
367,365,17
368,55,-161
369,-69,-81
370,-65,-15
371,-67,-9
372,-73,-15
373,-75,-9
374,-79,-9
375,-75,-9
376,-79,-15
377,-71,-17
378,-65,-13
379,-69,-23
380,-65,-23
381,-57,-21
382,-57,-23
383,-51,-25
384,-55,-29
385,-59,-41
386,-27,-43
387,-37,-45
388,-37,-59
389,-37,-63
390,-43,-61
391,-43,-63
392,-57,-61
393,-59,-61
394,-61,-53
395,-45,-51
396,-39,-41
397,-31,-29
398,-29,-13
399,-35,-11
400,-33,-7
401,-41,-1
402,-29,1
403,-37,5
404,-43,1
405,-43,5
406,-37,7
407,-39,5
408,-51,3
409,-37,1
410,-41,9
411,-45,5
412,-33,3
413,-31,3
414,-37,7
415,-41,3
416,-41,3
417,-43,3
418,-35,3
419,-37,5
420,-43,3
421,-37,5
422,-25,13
423,-25,17
424,-31,19
425,-19,17
426,1,7
427,-13,-3
428,-27,-5
429,-29,3
430,-21,9
431,-33,9
432,-43,5
433,-45,3
434,-53,5
435,-47,3
436,-53,5
437,-55,1
438,-41,9
439,-65,33
440,-183,17
441,-139,-45
442,109,-109
443,431,-31
444,531,87
445,475,157
446,211,-81
447,-43,-117
448,-67,-35
449,-69,-1
450,-75,1
451,-73,-3
452,-77,-3
453,-79,-3
454,-73,-3
455,-75,-5
456,-71,-7
457,-65,-5
458,-63,-7
459,-55,-9
460,-49,-15
461,-47,-17
462,-43,-15
463,-45,-21
464,-41,-23
465,-39,-29
466,-41,-33
467,-37,-37
468,-37,-41
469,-41,-45
470,-45,-41
471,-43,-45
472,-43,-47
473,-51,-43
474,-47,-33
475,-37,-27
476,-33,-13
477,-29,-9
478,-27,3
479,-31,11
480,-31,5
481,-29,9
482,-27,13
483,-31,9
484,-33,7
485,-33,9
486,-29,11
487,-33,9
488,-37,7
489,-29,13
490,-35,11
491,-27,7
492,-33,5
493,-27,11
494,-25,11
495,-27,11
496,-29,7
497,-29,9
498,-25,11
499,-27,7
500,-23,11
501,-15,19
502,-15,25
503,-19,23
504,1,19
505,15,5
506,-1,-1
507,-11,-1
508,-19,3
509,-15,9
510,-23,11
511,-29,7
512,-45,7
513,-35,1
514,-33,1
515,-39,1
516,-31,1
517,-27,5
518,-37,33
519,-149,31
520,-139,-33
521,95,-125
522,441,-21
523,559,91
524,517,171
525,283,-53
526,-11,-135
527,-59,-57
528,-53,-11
529,-59,-5
530,-57,-5
531,-57,-3
532,-61,-13
533,-59,-13
534,-51,-9
535,-55,-9
536,-55,-15
537,-45,-15
538,-39,-15
539,-37,-21
540,-35,-23
541,-31,-29
542,-29,-29
543,-29,-33
544,-23,-43
545,-27,-49
546,-23,-51
547,-21,-53
548,-33,-59
549,-29,-59
550,-39,-55
551,-33,-53
552,-25,-47
553,-29,-43
554,-21,-33
555,-11,-21
556,-15,-17
557,-15,-9
558,-19,-3
559,-13,1
560,-15,5
561,-21,1
562,-19,3
563,-17,5
564,-27,-1
565,-25,1
566,-19,5
567,-23,5
568,-19,1
569,-23,1
570,-21,3
571,-21,1
572,-21,1
573,-33,-3
574,-29,3
575,-13,1
576,-19,3
577,-19,1
578,-13,9
579,-3,11
580,-7,9
581,-5,15
582,17,3
583,3,-7
584,-9,-9
585,-17,-5
586,-17,1
587,-21,1
588,-31,-7
589,-31,-7
590,-31,-5
591,-37,-3
592,-35,-13
593,-35,-3
594,-27,-3
595,-61,31
596,-171,15
597,-91,-41
598,179,-79
599,491,-29
600,563,45
601,509,129
602,245,-107
603,-25,-163
604,-65,-63
605,-51,-11
606,-57,-7
607,-61,-13
608,-67,-11
609,-61,-13
610,-55,-9
611,-55,-17
612,-61,-21
613,-47,-19
614,-47,-17
615,-43,-19
616,-41,-27
617,-35,-27
618,-31,-31
619,-27,-29
620,-31,-37
621,-19,-43
622,-21,-43
623,-31,-49
624,-27,-53
625,-21,-53
626,-29,-51
627,-27,-47
628,-39,-49
629,-33,-41
630,-23,-29
631,-21,-23
632,-25,-21
633,-17,-13
634,-15,-5
635,-15,-1
636,-15,-1
637,-21,-3
638,-27,1
639,-25,-1
640,-23,-5
641,-19,-3
642,-23,1
643,-27,5
644,-15,-3
645,-19,1
646,-21,3
647,-23,1
648,-21,-9
649,-21,-3
650,-19,-3
651,-17,-3
652,-15,-1
653,-19,-5
654,-19,-1
655,-7,9
656,-1,9
657,-11,13
658,-3,15
659,17,1
660,9,-11
661,-1,-13
662,-13,-7
663,-11,-5
664,-11,1
665,-17,-3
666,-25,-7
667,-37,-9
668,-25,-7
669,-29,-7
670,-31,-5
671,-25,-7
672,-31,25
673,-147,41
674,-143,-5
675,77,-89
676,401,-49
677,561,-9
678,547,97
679,327,-127
680,15,-169
681,-41,-47
682,-43,3
683,-45,-1
684,-55,-7
685,-61,-9
686,-57,-7
687,-55,-7
688,-53,-13
689,-51,-11
690,-55,-11
691,-45,-13
692,-35,-15
693,-39,-17
694,-35,-13
695,-25,-19
696,-15,-23
697,-21,-27
698,-15,-27
699,-25,-31
700,-19,-33
701,-9,-37
702,-17,-35
703,-29,-39
704,-37,-45
705,-51,-43
706,-41,-35
707,-35,-33
708,-29,-29
709,-33,-21
710,-23,-17
711,-17,-11
712,-17,-9
713,-21,-7
714,-23,-3
715,-21,-3
716,-27,1
717,-29,-3
718,-21,1
719,-25,-3
720,-27,-7
721,-23,-7
722,-21,-1
723,-25,-5
724,-25,-1
725,-33,-7
726,-19,-1
727,-15,-1
728,-21,-3
729,-25,-5
730,-27,-1
731,-23,-3
732,-23,-7
733,-23,3
734,-7,5
735,-9,9
736,-13,13
737,5,5
738,9,-5
739,-5,-13
740,-15,-13
741,-21,-5
742,-23,-7
743,-23,-5
744,-29,-11
745,-35,-9
746,-39,1
747,-51,-11
748,-37,-9
749,-31,-9
750,-27,-1
751,-81,43
752,-161,21
753,-89,-67
754,205,-89
755,493,-55
756,571,85
757,493,21
758,199,-191
759,-21,-113
760,-45,-17
761,-53,-3
762,-59,-7
763,-67,-7
764,-65,-7
765,-65,-9
766,-67,-5
767,-61,-11
768,-59,-15
769,-51,-15
770,-51,-9
771,-45,-17
772,-41,-15
773,-41,-21
774,-37,-21
775,-31,-25
776,-27,-31
777,-21,-33
778,-19,-31
779,-25,-43
780,-27,-47
781,-35,-47
782,-37,-45
783,-31,-41
784,-41,-43
785,-43,-41
786,-39,-31
787,-31,-25
788,-25,-17
789,-31,-11
790,-23,-5
791,-25,-1
792,-27,1
793,-33,-1
794,-29,1
795,-33,1
796,-23,-1
797,-23,1
798,-23,5
799,-27,1
800,-29,-5
801,-29,-1
802,-25,1
803,-25,-1
804,-19,1
805,-19,1
806,-21,-3
807,-23,-1
808,-27,-3
809,-27,-1
810,-23,-3
811,-29,1
812,-17,1
813,-9,7
814,-13,11
815,-13,9
816,13,5
817,9,-5
818,1,-9
819,-11,-9
820,-19,-11
821,-21,-3
822,-27,5
823,-31,-5
824,-41,-5
825,-39,-11
826,-39,-9
827,-39,-7
828,-35,-3
829,-39,-7
830,-61,31
831,-163,11
832,-123,-67
833,131,-131
834,461,-39
835,553,81
836,495,133
837,217,-139
838,-31,-137
839,-59,-37
840,-51,-7
841,-61,-13
842,-63,-13
843,-67,-11
844,-67,-13
845,-63,-17
846,-63,-17
847,-57,-17
848,-53,-21
849,-51,-21
850,-51,-23
851,-43,-23
852,-37,-29
853,-29,-29
854,-33,-27
855,-29,-39
856,-25,-43
857,-25,-47
858,-19,-51
859,-25,-53
860,-31,-59
861,-29,-61
862,-41,-63
863,-43,-60
864,-43,-54
865,-35,-42
866,-39,-34
867,-17,-26
868,-11,-20
869,-19,-12
870,-17,-8
871,-23,-4
872,-25,-2
873,-23,0
874,-25,-2
875,-29,-2
876,-25,-2
877,-21,0
878,-21,0
879,-23,0
880,-21,-2
881,-15,-2
882,-17,-4
883,-19,-4
884,-19,-4
885,-15,-2
886,-17,-4
887,-21,-3
888,-19,-3
889,-17,-3
890,-17,1
891,-19,1
892,-23,-5
893,-17,-3
894,-21,3
895,-11,5
896,-9,7
897,-1,9
898,3,9
899,13,-1
900,7,-9
901,3,-15
902,-5,-7
903,-9,-3
904,-17,-1
905,-15,-3
906,-21,-3
907,-31,-7
908,-37,-9
909,-29,-3
910,-27,-5
911,-29,-7
912,-23,7
913,-129,27
914,-135,-21
915,55,-125
916,385,-47
917,549,35
918,507,181
919,345,9
920,9,-169
921,-67,-79
922,-53,-19
923,-53,-13
924,-57,-17
925,-57,-19
926,-63,-15
927,-59,-19
928,-55,-19
929,-55,-13
930,-53,-23
931,-47,-25
932,-45,-27
933,-39,-31
934,-35,-31
935,-31,-35
936,-29,-39
937,-41,-39
938,-25,-47
939,-21,-55
940,-21,-59
941,-19,-61
942,-25,-59
943,-23,-61
944,-29,-61
945,-33,-59
946,-29,-53
947,-27,-45
948,-17,-41
949,-13,-23
950,-13,-19
951,-17,-19
952,-19,-9
953,-17,-5
954,-15,-1
955,-23,-3
956,-23,-1
957,-27,-1
958,-21,-3
959,-29,-1
960,-23,-3
961,-25,-1
962,-27,1
963,-25,-5
964,-29,-3
965,-17,-1
966,-19,1
967,-29,-5
968,-21,-5
969,-21,-3
970,-21,3
971,-29,-3
972,-21,-7
973,-27,-3
974,-25,1
975,-17,3
976,-15,3
977,-17,5
978,-21,11
979,1,11
980,13,1
981,-3,-5
982,-17,-9
983,-21,-9
984,-21,-5
985,-21,-1
986,-31,-5
987,-33,-7
988,-37,-9
989,-39,-9
990,-37,-5
991,-37,-5
992,-33,-7
993,-33,9
994,-149,33
995,-137,-5
996,109,-83
997,433,-41
998,567,1
999,527,109
1000,331,-19
1001,-3,-165
1002,-83,-83
1003,-49,-17
1004,-59,-7
1005,-67,-9
1006,-65,-13
1007,-65,-9
1008,-67,-11
1009,-63,-15
1010,-57,-13
1011,-51,-15
1012,-53,-17
1013,-53,-19
1014,-43,-17
1015,-41,-23
1016,-39,-25
1017,-33,-27
1018,-25,-25
1019,-29,-35
1020,-31,-43
1021,-29,-43
1022,-25,-47
1023,-43,-51
1024,-33,-51
1025,-35,-45
1026,-39,-41
1027,-33,-35
1028,-31,-29
1029,-25,-25
1030,-19,-17
1031,-21,-11
1032,-19,-7
1033,-27,-3
1034,-27,1
1035,-27,3
1036,-33,-3
1037,-27,-1
1038,-27,3
1039,-27,3
1040,-29,-1
1041,-29,1
1042,-27,3
1043,-29,1
1044,-25,-3
1045,-23,-3
1046,-21,-1
1047,-27,-1
1048,-23,-1
1049,-21,-3
1050,-29,1
1051,-27,1
1052,-27,1
1053,-25,-5
1054,-25,1
1055,-17,11
1056,-15,11
1057,-13,15
1058,3,13
1059,9,-1
1060,1,-7
1061,-7,-11
1062,-17,-3
1063,-23,1
1064,-23,-1
1065,-25,-3
1066,-29,-3
1067,-39,-7
1068,-41,-5
1069,-35,-5
1070,-29,-3
1071,-31,-5
1072,-53,27
1073,-151,37
1074,-109,-21
1075,139,-81
1076,439,-51
1077,543,17
1078,507,91
1079,229,-149
1080,-27,-149
1081,-49,-33
1082,-43,1
1083,-53,1
1084,-71,-7
1085,-67,-7
1086,-61,-3
1087,-63,-5
1088,-59,-11
1089,-59,-13
1090,-55,-9
1091,-51,-11
1092,-51,-13
1093,-41,-13
1094,-33,-17
1095,-29,-21
1096,-29,-25
1097,-25,-27
1098,-21,-23
1099,-23,-35
1100,-27,-43
1101,-27,-43
1102,-25,-41
1103,-37,-45
1104,-43,-45
1105,-47,-43
1106,-41,-35
1107,-39,-29
1108,-33,-23
1109,-27,-13
1110,-27,-5
1111,-25,-5
1112,-27,-5
1113,-27,7
1114,-27,3
1115,-29,-1
1116,-27,-1
1117,-27,7
1118,-27,5
1119,-25,1
1120,-23,1
1121,-29,-1
1122,-21,5
1123,-23,-1
1124,-27,1
1125,-27,1
1126,-19,3
1127,-25,5
1128,-31,-1
1129,-27,-7
1130,-27,-1
1131,-23,-1
1132,-27,-3
1133,-21,7
1134,-17,1
1135,-5,5
1136,-9,11
1137,-21,15
1138,-1,17
1139,15,1
1140,-1,-5
1141,-9,-13
1142,-21,-5
1143,-19,-3
1144,-25,5
1145,-19,-1
1146,-27,-3
1147,-41,-3
1148,-39,-7
1149,-37,-3
1150,-35,-3
1151,-37,-7
1152,-29,5
1153,-135,43
1154,-153,-9
1155,67,-117
1156,423,-65
1157,571,25
1158,523,127
1159,261,-115
1160,-19,-165
1161,-53,-43
1162,-53,-3
1163,-57,-5
1164,-65,-9
1165,-71,-5
1166,-61,-11
1167,-65,-11
1168,-61,-9
1169,-61,-17
1170,-57,-11
1171,-49,-19
1172,-47,-21
1173,-41,-17
1174,-45,-23
1175,-27,-29
1176,-35,-29
1177,-25,-33
1178,-15,-33
1179,-17,-39
1180,-19,-43
1181,-21,-51
1182,-29,-47
1183,-23,-55
1184,-37,-55
1185,-39,-53
1186,-39,-43
1187,-41,-43
1188,-27,-35
1189,-21,-17
1190,-27,-15
1191,-21,-13
1192,-27,-7
1193,-27,-3
1194,-31,1
1195,-27,1
1196,-25,-7
1197,-27,-5
1198,-37,1
1199,-33,1
1200,-25,-5
1201,-29,-3
1202,-23,1
1203,-25,3
1204,-33,1
1205,-25,-3
1206,-31,-3
1207,-29,-1
1208,-33,-7
1209,-29,3
1210,-27,1
1211,-31,-5
1212,-31,-5
1213,-35,-3
1214,-29,-1
1215,-35,-1
1216,-29,-3
1217,-19,3
1218,-11,9
1219,-17,11
1220,-11,9
1221,11,1
1222,-9,-1
1223,-15,-9
1224,-21,-7
1225,-21,-3
1226,-27,5
1227,-39,1
1228,-39,-7
1229,-41,-7
1230,-37,-3
1231,-39,-5
1232,-41,-3
1233,-39,-7
1234,-35,5
1235,-113,39
1236,-147,-11
1237,9,-115
1238,371,-67
1239,549,29
1240,519,149
1241,329,-31
1242,17,-145
1243,-61,-73
1244,-55,-19
1245,-57,-9
1246,-67,-11
1247,-71,-11
1248,-71,-15
1249,-67,-17
1250,-71,-11
1251,-63,-21
1252,-59,-19
1253,-55,-23
1254,-47,-25
1255,-47,-27
1256,-45,-27
1257,-41,-31
1258,-37,-37
1259,-37,-41
1260,-33,-47
1261,-25,-55
1262,-27,-55
1263,-27,-63
1264,-29,-69
1265,-29,-63
1266,-35,-65
1267,-41,-65
1268,-37,-59
1269,-41,-53
1270,-25,-41
1271,-21,-29
1272,-23,-21
1273,-19,-13
1274,-25,-9
1275,-23,-5
1276,-27,-3
1277,-31,-3
1278,-31,1
1279,-33,-1
1280,-29,-3
1281,-25,1
1282,-29,-1
1283,-31,-1
1284,-33,-1
1285,-29,-3
1286,-37,-1
1287,-31,-1
1288,-27,5
1289,-29,-3
1290,-27,-1
1291,-29,-1
1292,-33,-3
1293,-33,-1
1294,-33,-1
1295,-27,-3
1296,-29,-5
1297,-35,-1
1298,-33,5
1299,-25,-1
1300,-27,3
1301,-31,9
1302,-19,13
1303,-11,15
1304,5,-1
1305,-3,-5
1306,-19,-9
1307,-27,-7
1308,-17,-5
1309,-27,1
1310,-29,-3
1311,-39,-5
1312,-43,-3
1313,-51,-5
1314,-47,-5
1315,-37,-7
1316,-41,-7
1317,-43,13
1318,-129,29
1319,-145,-23
1320,19,-113
1321,363,-53
1322,527,27
1323,495,167
1324,315,29
1325,-7,-163
1326,-79,-85
1327,-65,-21
1328,-65,-13
1329,-67,-15
1330,-69,-11
1331,-71,-11
1332,-73,-17
1333,-71,-17
1334,-67,-21
1335,-59,-23
1336,-59,-27
1337,-59,-27
1338,-53,-27
1339,-47,-29
1340,-47,-35
1341,-43,-37
1342,-41,-39
1343,-41,-47
1344,-41,-55
1345,-35,-57
1346,-31,-57
1347,-37,-61
1348,-41,-65
1349,-41,-61
1350,-47,-55
1351,-43,-53
1352,-43,-51
1353,-29,-39
1354,-29,-27
1355,-25,-21
1356,-33,-17
1357,-31,-9
1358,-39,-11
1359,-39,-5
1360,-43,-5
1361,-33,-1
1362,-43,1
1363,-39,-3
1364,-37,-9
1365,-31,-5
1366,-35,-1
1367,-35,-3
1368,-43,-1
1369,-37,-9
1370,-39,-3
1371,-39,-3
1372,-43,-9
1373,-41,-5
1374,-31,-3
1375,-31,-5
1376,-43,-7
1377,-47,-7
1378,-41,-3
1379,-39,-9
1380,-37,-11
1381,-35,-5
1382,-27,3
1383,-21,7
1384,-31,5
1385,-19,9
1386,1,1
1387,-17,-7
1388,-19,-17
1389,-27,-13
1390,-25,-5
1391,-35,-5
1392,-41,-11
1393,-43,-7
1394,-51,-9
1395,-53,-11
1396,-55,-13
1397,-43,-9
1398,-45,-9
1399,-39,3
1400,-129,41
1401,-151,3
1402,21,-75
1403,339,-51
1404,535,-27
1405,529,91
1406,437,57
1407,87,-173
1408,-73,-115
1409,-59,-23
1410,-75,-5
1411,-75,-11
1412,-71,-11
1413,-71,-7
1414,-79,-7
1415,-73,-15
1416,-65,-17
1417,-59,-13
1418,-59,-13
1419,-57,-15
1420,-55,-21
1421,-49,-21
1422,-51,-21
1423,-41,-25
1424,-45,-29
1425,-43,-33
1426,-31,-33
1427,-27,-41
1428,-31,-47
1429,-33,-51
1430,-35,-49
1431,-41,-51
1432,-41,-49
1433,-49,-47
1434,-43,-41
1435,-43,-35
1436,-35,-25
1437,-27,-19
1438,-27,-11
1439,-29,-9
1440,-29,-5
1441,-37,-3
1442,-39,-1
1443,-39,3
1444,-33,1
1445,-35,-1
1446,-35,-1
1447,-37,3
1448,-43,1
1449,-33,-1
1450,-31,-1
1451,-35,-3
1452,-41,-3
1453,-35,-3
1454,-35,-3
1455,-31,1
1456,-35,-1
1457,-37,-3
1458,-39,-3
1459,-35,-3
1460,-35,-3
1461,-41,-3
1462,-29,1
1463,-21,9
1464,-21,11
1465,-23,15
1466,-3,15
1467,-5,1
1468,-19,-13
1469,-25,-13
1470,-29,-9
1471,-33,-3
1472,-39,-1
1473,-35,-5
1474,-45,-5
1475,-45,-5
1476,-47,-9
1477,-47,-5
1478,-45,-3
1479,-41,-1
1480,-93,37
1481,-177,19
1482,-59,-61
1483,267,-65
1484,525,-43
1485,551,81
1486,451,17
1487,97,-181
1488,-65,-99
1489,-51,-13
1490,-57,1
1491,-67,-1
1492,-75,-5
1493,-83,-7
1494,-75,-3
1495,-69,-5
1496,-67,-11
1497,-71,-13
1498,-63,-7
1499,-53,-11
1500,-49,-13
1501,-45,-15
1502,-43,-15
1503,-47,-21
1504,-37,-23
1505,-33,-29
1506,-33,-31
1507,-27,-35
1508,-29,-37
1509,-29,-43
1510,-33,-43
1511,-39,-45
1512,-45,-41
1513,-47,-43
1514,-47,-31
1515,-43,-27
1516,-41,-23
1517,-37,-13
1518,-35,-5
1519,-25,-1
1520,-33,-1
1521,-37,1
1522,-41,5
1523,-37,7
1524,-35,9
1525,-37,1
1526,-33,5
1527,-37,5
1528,-33,3
1529,-35,3
1530,-33,5
1531,-31,5
1532,-33,1
1533,-27,1
1534,-37,5
1535,-33,5
1536,-33,3
1537,-29,1
1538,-25,1
1539,-33,3
1540,-35,1
1541,-39,-1
1542,-29,3
1543,-25,7
1544,-17,9
1545,-21,17
1546,-17,19
1547,1,13
1548,-1,-1
1549,-9,-7
1550,-17,-5
1551,-27,-1
1552,-25,3
1553,-27,5
1554,-31,-1
1555,-47,-3
1556,-51,-3
1557,-43,-1
1558,-39,1
1559,-41,-1
1560,-39,1
1561,-65,37
1562,-153,23
1563,-109,-53
1564,165,-121
1565,495,-45
1566,571,103
1567,471,97
1568,157,-157
1569,-47,-121
1570,-55,-15
1571,-59,1
1572,-67,-5
1573,-73,-7
1574,-75,-5
1575,-71,-5
1576,-71,-11
1577,-61,-9
1578,-57,-9
1579,-55,-15
1580,-53,-15
1581,-51,-13
1582,-45,-15
1583,-43,-19
1584,-31,-23
1585,-31,-25
1586,-23,-29
1587,-23,-33
1588,-25,-39
1589,-19,-45
1590,-17,-49
1591,-25,-53
1592,-25,-55
1593,-27,-53
1594,-35,-47
1595,-31,-41
1596,-23,-35
1597,-19,-27
1598,-17,-17
1599,-23,-11
1600,-19,-5
1601,-21,1
1602,-25,1
1603,-25,5
1604,-37,3
1605,-23,3
1606,-21,5
1607,-23,5
1608,-23,3
1609,-29,3
1610,-23,5
1611,-23,5
1612,-23,1
1613,-29,-1
1614,-25,5
1615,-21,3
1616,-23,3
1617,-27,1
1618,-37,1
1619,-25,3
1620,-23,1
1621,-21,1
1622,-37,3
1623,-11,7
1624,-9,9
1625,-15,15
1626,-7,17
1627,11,5
1628,5,-7
1629,-7,-11
1630,-23,-3
1631,-23,-1
1632,-27,7
1633,-21,-1
1634,-31,-3
1635,-43,-3
1636,-45,-5
1637,-43,-3
1638,-35,-1
1639,-29,-5
1640,-31,11
1641,-135,39
1642,-157,-9
1643,9,-101
1644,339,-51
1645,547,11
1646,527,145
1647,431,79
1648,85,-165
1649,-83,-113
1650,-69,-25
1651,-61,-7
1652,-69,-13
1653,-71,-15
1654,-71,-15
1655,-73,-15
1656,-65,-15
1657,-61,-19
1658,-61,-15
1659,-61,-19
1660,-57,-25
1661,-51,-27
1662,-51,-25
1663,-55,-31
1664,-39,-37
1665,-39,-41
1666,-31,-41
1667,-33,-47
1668,-33,-53
1669,-35,-57
1670,-35,-59
1671,-41,-61
1672,-45,-61
1673,-43,-57
1674,-47,-53
1675,-41,-43
1676,-33,-39
1677,-33,-29
1678,-27,-17
1679,-33,-13
1680,-31,-11
1681,-25,-7
1682,-25,-5
1683,-37,-5
1684,-45,-7
1685,-35,-5
1686,-33,-1
1687,-37,-3
1688,-37,-7
1689,-39,-5
1690,-37,-3
1691,-39,-3
1692,-29,-3
1693,-35,-3
1694,-41,-1
1695,-31,-5
1696,-29,-11
1697,-41,-7
1698,-35,-5
1699,-33,-5
1700,-43,-11
1701,-35,-7
1702,-33,-1
1703,-21,7
1704,-27,7
1705,-19,9
1706,5,9
1707,-7,-5
1708,-19,-17
1709,-21,-13
1710,-31,-7
1711,-29,-5
1712,-35,-5
1713,-41,-9
1714,-43,-7
1715,-49,-9
1716,-43,-9
1717,-47,-7
1718,-39,-5
1719,-41,-7
1720,-65,25
1721,-177,31
1722,-127,-21
1723,133,-91
1724,465,-51
1725,571,19
1726,517,97
1727,261,-125
1728,-21,-167
1729,-69,-55
1730,-55,-5
1731,-65,-5
1732,-77,-11
1733,-81,-9
1734,-75,-7
1735,-73,-9
1736,-71,-13
1737,-57,-11
1738,-57,-11
1739,-57,-17
1740,-57,-17
1741,-53,-21
1742,-45,-19
1743,-47,-21
1744,-39,-25
1745,-39,-27
1746,-37,-31
1747,-23,-37
1748,-27,-39
1749,-29,-41
1750,-39,-43
1751,-37,-47
1752,-59,-49
1753,-55,-47
1754,-47,-41
1755,-53,-35
1756,-51,-35
1757,-35,-25
1758,-25,-17
1759,-29,-13
1760,-31,-11
1761,-31,-9
1762,-29,-3
1763,-39,-3
1764,-37,-5
1765,-41,-5
1766,-37,-5
1767,-49,-7
1768,-43,-9
1769,-35,-7
1770,-37,-5
1771,-31,-5
1772,-35,-7
1773,-35,-9
1774,-33,-7
1775,-35,-7
1776,-37,-11
1777,-37,-13
1778,-37,-11
1779,-39,-7
1780,-39,-9
1781,-37,-11
1782,-25,1
1783,-25,1
1784,-35,-1
1785,-13,3
1786,-1,-9
1787,-21,-17
1788,-29,-19
1789,-33,-15
1790,-31,-11
1791,-39,-11
1792,-45,-13
1793,-49,-15
1794,-55,-11
1795,-57,-11
1796,-53,-13
1797,-53,-15
1798,-39,-7
1799,-89,27
1800,-181,13
1801,-85,-71
1802,245,-93
1803,527,-45
1804,591,75
1805,483,5
1806,141,-177
1807,-55,-117
1808,-63,-23
1809,-65,-5
1810,-73,-5
1811,-83,-13
1812,-81,-15
1813,-81,-11
1814,-79,-15
1815,-67,-19
1816,-67,-19
1817,-73,-19
1818,-65,-17
1819,-53,-23
1820,-59,-25
1821,-51,-25
1822,-41,-27
1823,-35,-31
1824,-41,-37
1825,-33,-37
1826,-29,-37
1827,-33,-49
1828,-35,-51
1829,-37,-53
1830,-41,-51
1831,-47,-51
1832,-49,-53
1833,-45,-45
1834,-43,-33
1835,-47,-33
1836,-31,-23
1837,-27,-17
1838,-27,-13
1839,-33,-11
1840,-35,-9
1841,-37,-3
1842,-35,-3
1843,-37,-7
1844,-41,-3
1845,-31,-9
1846,-31,-3
1847,-31,-5
1848,-35,-9
1849,-35,-9
1850,-29,-1
1851,-27,-9
1852,-27,-9
1853,-27,-5
1854,-23,-3
1855,-31,-11
1856,-25,-9
1857,-27,-7
1858,-31,-7
1859,-27,-7
1860,-25,-9
1861,-21,-5
1862,-13,3
1863,-11,5
1864,-15,5
1865,-1,3
1866,-1,-9
1867,-7,-15
1868,-15,-19
1869,-19,-13
1870,-19,-5
1871,-27,-7
1872,-25,-11
1873,-31,-9
1874,-35,-13
1875,-33,-11
1876,-35,-9
1877,-31,-13
1878,-25,-13
1879,-37,17
1880,-131,23
1881,-121,-41
1882,101,-129
1883,363,-43
1884,435,75
1885,385,113
1886,155,-157
1887,-25,-137
1888,-45,-39
1889,-43,-11
1890,-51,-15
1891,-63,-15
1892,-67,-17
1893,-63,-17
1894,-61,-19
1895,-63,-21
1896,-59,-21
1897,-57,-27
1898,-57,-29
1899,-43,-31
1900,-41,-33
1901,-39,-35
1902,-43,-35
1903,-41,-43
1904,-33,-53
1905,-35,-53
1906,-25,-55
1907,-31,-57
1908,-39,-65
1909,-37,-63
1910,-37,-63
1911,-29,-59
1912,-37,-53
1913,-35,-49
1914,-25,-39
1915,-23,-29
1916,-25,-23
1917,-23,-15
1918,-27,-7
1919,-33,-9
1920,-35,-7
1921,-33,-5
1922,-29,-3
1923,-39,-1
1924,-43,-5
1925,-39,-5
1926,-35,-3
1927,-31,-5
1928,-41,-5
1929,-33,-3
1930,-31,-3
1931,-33,-5
1932,-33,-7
1933,-37,-5
1934,-31,-5
1935,-35,-3
1936,-35,-3
1937,-43,-7
1938,-35,-5
1939,-31,-7
1940,-33,-1
1941,-25,3
1942,-23,7
1943,-11,5
1944,5,-7
1945,-9,-15
1946,-27,-13
1947,-31,-13
1948,-29,-13
1949,-51,-7
1950,-33,-7
1951,-39,-9
1952,-49,-11
1953,-49,-13
1954,-47,-11
1955,-51,-13
1956,-45,-11
1957,-47,5
1958,-165,27
1959,-151,-17
1960,67,-103
1961,395,-49
1962,545,-7
1963,497,125
1964,349,37
1965,9,-169
1966,-89,-97
1967,-65,-21
1968,-69,-11
1969,-75,-15
1970,-77,-11
1971,-79,-17
1972,-75,-19
1973,-69,-21
1974,-65,-17
1975,-67,-21
1976,-63,-23
1977,-57,-23
1978,-51,-23
1979,-55,-29
1980,-55,-35
1981,-45,-35
1982,-41,-35
1983,-45,-43
1984,-43,-49
1985,-39,-53
1986,-35,-53
1987,-39,-57
1988,-49,-57
1989,-45,-53
1990,-49,-57
1991,-47,-49
1992,-43,-43
1993,-31,-29
1994,-27,-25
1995,-31,-15
1996,-31,-11
1997,-25,-1
1998,-35,1
1999,-39,-5
2000,-35,-5
2001,-35,-1
2002,-35,1
2003,-35,-1
2004,-43,1
2005,-37,-1
2006,-31,-1
2007,-39,-3
2008,-35,-3
2009,-35,-3
2010,-37,1
2011,-31,3
2012,-41,-3
2013,-37,-7
2014,-35,1
2015,-29,-3
2016,-45,-3
2017,-33,-1
2018,-21,9
2019,-25,9
2020,-25,13
2021,-9,17
2022,-3,1
2023,-9,-3
2024,-17,-11
2025,-37,-7
2026,-35,-1
2027,-33,1
2028,-35,-3
2029,-43,-1
2030,-45,-3
2031,-47,-7
2032,-47,-5
2033,-47,-3
2034,-41,-3
2035,-61,19
2036,-185,39
2037,-149,-9
2038,105,-83
2039,439,-49
2040,555,1
2041,511,105
2042,263,-91
2043,-21,-153
2044,-65,-57
2045,-53,-5
2046,-63,3
2047,-73,-3
2048,-77,-5
2049,-77,-7
2050,-69,-3
2051,-75,-3
2052,-69,-13
2053,-63,-11
2054,-63,-7
2055,-67,-13
2056,-51,-15
2057,-47,-13
2058,-43,-13
2059,-43,-19
2060,-39,-27
2061,-35,-27
2062,-33,-27
2063,-37,-37
2064,-33,-39
2065,-35,-41
2066,-45,-43
2067,-51,-41
2068,-51,-43
2069,-51,-43
2070,-51,-35
2071,-45,-27
2072,-43,-21
2073,-37,-13
2074,-37,-1
2075,-35,-3
2076,-31,-3
2077,-37,1
2078,-35,7
2079,-37,7
2080,-49,1
2081,-39,3
2082,-35,7
2083,-37,9
2084,-35,1
2085,-37,1
2086,-35,5
2087,-41,3
2088,-43,-1
2089,-35,-1
2090,-33,5
2091,-31,5
2092,-35,3
2093,-35,9
2094,-39,-1
2095,-37,3
2096,-25,9
2097,-23,11
2098,-23,11
2099,-23,17
2100,1,7
2101,-7,1
2102,-21,-11
2103,-27,-5
2104,-31,-1
2105,-33,5
2106,-39,5
2107,-49,1
2108,-45,1
2109,-47,-3
2110,-57,-1
2111,-45,-1
2112,-41,-1
2113,-43,9
2114,-147,47
2115,-167,1
2116,15,-109
2117,357,-61
2118,549,21
2119,521,153
2120,335,-43
2121,27,-173
2122,-63,-59
2123,-57,-1
2124,-73,-5
2125,-75,-1
2126,-71,-3
2127,-75,-9
2128,-75,-9
2129,-77,-7
2130,-67,-15
2131,-67,-11
2132,-61,-15
2133,-59,-13
2134,-51,-17
2135,-45,-19
2136,-45,-21
2137,-41,-27
2138,-37,-31
2139,-35,-33
2140,-33,-43
2141,-29,-45
2142,-35,-45
2143,-31,-47
2144,-35,-47
2145,-47,-57
2146,-45,-51
2147,-41,-43
2148,-45,-43
2149,-43,-33
2150,-33,-17
2151,-31,-19
2152,-31,-11
2153,-41,-3
2154,-25,1
2155,-35,5
2156,-33,-1
2157,-37,3
2158,-31,13
2159,-31,1
2160,-33,-3
2161,-35,-3
2162,-31,9
2163,-33,1
2164,-35,1
2165,-29,1
2166,-29,3
2167,-31,5
2168,-33,-1
2169,-27,-1
2170,-33,5
2171,-35,1
2172,-27,-1
2173,-29,-1
2174,-33,9
2175,-25,1
2176,-21,7
2177,-17,9
2178,-17,11
2179,-17,13
2180,7,11
2181,5,-1
2182,-9,-7
2183,-19,-13
2184,-23,-5
2185,-23,1
2186,-27,-1
2187,-31,-3
2188,-41,-5
2189,-43,-7
2190,-39,-3
2191,-39,-5
2192,-39,-9
2193,-35,-3
2194,-65,35
2195,-169,13
2196,-117,-77
2197,211,-127
2198,519,-25
2199,551,121
2200,463,125
2201,145,-143
2202,-53,-129
2203,-53,-33
2204,-63,-11
2205,-61,-15
2206,-61,-9
2207,-75,-19
2208,-65,-17
2209,-61,-13
2210,-63,-19
2211,-53,-21
2212,-55,-21
2213,-53,-19
2214,-49,-21
2215,-47,-25
2216,-35,-25
2217,-29,-27
2218,-27,-29
2219,-25,-33
2220,-23,-39
2221,-25,-41
2222,-27,-39
2223,-21,-49
2224,-25,-47
2225,-29,-45
2226,-35,-45
2227,-35,-43
2228,-31,-37
2229,-21,-33
2230,-19,-23
2231,-13,-15
2232,-13,-11
2233,-19,-7
2234,-19,-1
2235,-25,-1
2236,-19,-5
2237,-25,-3
2238,-17,3
2239,-25,3
2240,-23,-3
2241,-25,-3
2242,-21,3
2243,-21,-3
2244,-19,-3
2245,-23,-1
2246,-17,1
2247,-23,-1
2248,-31,-3
2249,-23,-3
2250,-21,-3
2251,-19,1
2252,-21,-3
2253,-19,-1
2254,-21,-1
2255,-23,-1
2256,-19,-5
2257,-13,1
2258,-9,5
2259,-13,7
2260,1,7
2261,5,-3
2262,-1,-11
2263,-9,-11
2264,-21,-9
2265,-19,-3
2266,-29,1
2267,-31,-5
2268,-33,-11
2269,-37,-11
2270,-39,-5
2271,-41,-7
2272,-45,-9
2273,-41,-5
2274,-45,9
2275,-153,15
2276,-131,-17
2277,95,-95
2278,433,-35
2279,531,21
2280,493,123
2281,297,-3
2282,-11,-125
2283,-81,-67
2284,-55,-27
2285,-63,-15
2286,-69,-17
2287,-69,-15
2288,-75,-21
2289,-73,-19
2290,-71,-21
2291,-71,-21
2292,-63,-27
2293,-57,-27
2294,-49,-25
2295,-45,-27
2296,-43,-35
2297,-51,-41
2298,-43,-35
2299,-35,-47
2300,-37,-47
2301,-33,-57
2302,-29,-57
2303,-35,-63
2304,-39,-63
2305,-39,-59
2306,-43,-65
2307,-41,-65
2308,-39,-59
2309,-35,-51
2310,-27,-47
2311,-25,-33
2312,-19,-27
2313,-21,-19
2314,-25,-11
2315,-31,-11
2316,-23,-13
2317,-25,-13
2318,-27,-9
2319,-31,-9
2320,-29,-9
2321,-29,-13
2322,-25,-9
2323,-27,-9
2324,-25,-13
2325,-23,-11
2326,-23,-9
2327,-29,-13
2328,-27,-11
2329,-23,-7
2330,-23,-11
2331,-25,-13
2332,-29,-13
2333,-27,-17
2334,-27,-9
2335,-33,-13
2336,-27,-9
2337,-25,-3
2338,-15,5
2339,-17,1
2340,-3,3
2341,1,-13
2342,-11,-19
2343,-15,-21
2344,-19,-17
2345,-27,-17
2346,-31,-7
2347,-33,-15
2348,-37,-15
2349,-45,-17
2350,-45,-15
2351,-45,-11
2352,-45,-15
2353,-41,-15
2354,-39,7
2355,-151,33
2356,-147,-13
2357,71,-111
2358,417,-51
2359,565,7
2360,531,125
2361,323,-73
2362,-9,-175
2363,-73,-69
2364,-59,-13
2365,-61,-9
2366,-69,-13
2367,-73,-15
2368,-71,-17
2369,-67,-19
2370,-63,-21
2371,-61,-19
2372,-65,-23
2373,-53,-23
2374,-49,-23
2375,-49,-25
2376,-43,-29
2377,-33,-25
2378,-37,-33
2379,-37,-41
2380,-25,-45
2381,-29,-49
2382,-31,-47
2383,-27,-55
2384,-31,-61
2385,-37,-59
2386,-31,-53
2387,-43,-53
2388,-47,-49
2389,-43,-47
2390,-31,-31
2391,-29,-29
2392,-25,-15
2393,-25,-17
2394,-23,-9
2395,-31,-5
2396,-27,-5
2397,-25,-5
2398,-31,-1
2399,-31,-5
2400,-25,-5
2401,-25,1
2402,-29,-1
2403,-25,-5
2404,-31,-7
2405,-29,-5
2406,-25,1
2407,-29,-5
2408,-27,-7
2409,-17,-5
2410,-21,1
2411,-35,-5
2412,-25,-9
2413,-17,-5
2414,-27,-1
2415,-31,-7
2416,-25,-7
2417,-21,-5
2418,-13,7
2419,-11,11
2420,-19,9
2421,-5,7
2422,11,-1
2423,-7,-7
2424,-7,-19
2425,-13,-11
2426,-17,-5
2427,-21,-1
2428,-27,-7
2429,-37,-11
2430,-35,-5
2431,-37,-7
2432,-43,-9
2433,-37,-11
2434,-29,-7
2435,-27,13
2436,-135,39
2437,-149,-3
2438,43,-119
2439,391,-67
2440,567,11
2441,525,139
2442,299,-101
2443,-7,-161
2444,-55,-49
2445,-55,1
2446,-49,-7
2447,-65,-9
2448,-63,-9
2449,-65,-7
2450,-63,-13
2451,-59,-11
2452,-49,-11
2453,-55,-17
2454,-53,-15
2455,-43,-15
2456,-41,-21
2457,-37,-21
2458,-33,-21
2459,-27,-27
2460,-25,-31
2461,-25,-35
2462,-13,-43
2463,-17,-45
2464,-23,-51
2465,-17,-49
2466,-29,-53
2467,-31,-57
2468,-33,-53
2469,-37,-45
2470,-31,-37
2471,-29,-35
2472,-27,-25
2473,-25,-11
2474,-21,-7
2475,-21,-3
2476,-25,-1
2477,-27,1
2478,-19,1
2479,-27,-1
2480,-31,3
2481,-27,-1
2482,-21,7
2483,-27,3
2484,-19,-1
2485,-25,1
2486,-21,3
2487,-23,5
2488,-23,5
2489,-19,-3
2490,-21,-1
2491,-27,7
2492,-17,-1
2493,-21,-5
2494,-23,1
2495,-23,1
2496,-23,3
2497,-21,1
2498,-25,-1
2499,-25,1
2500,-21,-1
2501,-13,7
2502,-5,11
2503,-15,9
2504,-9,13
2505,9,3
2506,5,-3
2507,-5,-15
2508,-15,-11
2509,-17,-7
2510,-17,3
2511,-21,3
2512,-33,-5
2513,-33,-9
2514,-33,-7
2515,-37,-1
2516,-37,-11
2517,-29,-7
2518,-25,9
2519,-107,41
2520,-141,-13
2521,-3,-133
2522,357,-69
2523,549,17
2524,521,163
2525,339,-31
2526,33,-167
2527,-61,-73
2528,-51,-9
2529,-53,-9
2530,-63,-11
2531,-69,-15
2532,-63,-15
2533,-65,-7
2534,-57,-13
2535,-61,-17
2536,-57,-19
2537,-51,-17
2538,-49,-23
2539,-45,-25
2540,-37,-27
2541,-35,-31
2542,-35,-35
2543,-27,-37
2544,-27,-41
2545,-25,-41
2546,-19,-53
2547,-21,-59
2548,-21,-59
2549,-25,-59
2550,-29,-57
2551,-39,-67
2552,-31,-59
2553,-35,-53
2554,-27,-37
2555,-27,-29
2556,-27,-21
2557,-21,-15
2558,-25,-7
2559,-23,1
2560,-27,-1
2561,-31,-1
2562,-27,3
2563,-27,-1
2564,-35,1
2565,-31,1
2566,-29,3
2567,-27,3
2568,-31,-5
2569,-27,9
2570,-21,1
2571,-25,5
2572,-23,3
2573,-25,-1
2574,-25,3
2575,-23,3
2576,-21,-1
2577,-23,1
2578,-23,5
2579,-27,-1
2580,-27,-1
2581,-23,-1
2582,-25,1
2583,-25,-1
2584,-27,5
2585,-15,9
2586,-13,11
2587,-9,9
2588,-1,11
2589,9,-1
2590,1,-7
2591,-11,-7
2592,-17,-11
2593,-17,-5
2594,-15,7
2595,-23,-1
2596,-31,-5
2597,-31,-7
2598,-29,-3
2599,-29,-3
2600,-33,-7
2601,-33,1
2602,-23,9
2603,-105,37
2604,-135,-21
2605,-7,-137
2606,327,-71
2607,523,29
2608,503,181
2609,395,47
2610,91,-165
2611,-53,-89
2612,-45,-17
2613,-49,-13
2614,-57,-9
2615,-61,-11
2616,-59,-17
2617,-67,-19
2618,-51,-15
2619,-47,-17
2620,-45,-21
2621,-47,-21
2622,-43,-19
2623,-43,-33
2624,-35,-35
2625,-29,-37
2626,-31,-35
2627,-19,-41
2628,-17,-51
2629,-25,-55
2630,-21,-65
2631,-17,-67
2632,-15,-71
2633,-21,-69
2634,-21,-67
2635,-27,-65
2636,-31,-59
2637,-27,-53
2638,-19,-45
2639,-13,-35
2640,-13,-23
2641,-11,-11
2642,-11,-7
2643,-27,-1
2644,-27,3
2645,-25,-1
2646,-21,3
2647,-25,5
2648,-23,1
2649,-17,5
2650,-17,7
2651,-23,7
2652,-27,3
2653,-23,1
2654,-15,9
2655,-25,7
2656,-23,1
2657,-13,5
2658,-17,9
2659,-25,1
2660,-21,1
2661,-23,3
2662,-15,5
2663,-19,5
2664,-27,5
2665,-23,5
2666,-21,3
2667,-23,1
2668,-25,3
2669,-27,1
2670,-9,15
2671,-13,11
2672,-11,9
2673,-3,13
2674,15,3
2675,5,1
2676,-9,-7
2677,-17,-5
2678,-13,-5
2679,-17,5
2680,-13,-1
2681,-21,-5
2682,-31,-1
2683,-33,-5
2684,-33,-7
2685,-37,-5
2686,-27,-3
2687,-19,13
2688,-125,23
2689,-143,-15
2690,61,-111
2691,395,-43
2692,547,27
2693,515,165
2694,349,21
2695,13,-155
2696,-77,-79
2697,-57,-17
2698,-47,-11
2699,-65,-11
2700,-65,-19
2701,-61,-17
2702,-67,-17
2703,-59,-19
2704,-59,-17
2705,-51,-25
2706,-49,-19
2707,-45,-27
2708,-47,-31
2709,-41,-29
2710,-31,-31
2711,-29,-39
2712,-25,-47
2713,-27,-43
2714,-21,-47
2715,-23,-53
2716,-29,-65
2717,-25,-63
2718,-41,-59
2719,-31,-57
2720,-31,-55
2721,-29,-51
2722,-27,-41
2723,-25,-31
2724,-19,-25
2725,-17,-11
2726,-15,-7
2727,-21,-7
2728,-25,-3
2729,-23,-3
2730,-31,1
2731,-27,5
2732,-31,-3
2733,-21,-1
2734,-25,1
2735,-27,5
2736,-25,1
2737,-23,-1
2738,-25,1
2739,-21,-1
2740,-27,-1
2741,-23,-1
2742,-29,7
2743,-25,-5
2744,-25,-5
2745,-23,-5
2746,-19,5
2747,-25,1
2748,-23,1
2749,-27,-5
2750,-29,5
2751,-31,-5
2752,-31,-7
2753,-15,7
2754,-15,11
2755,-13,21
2756,-3,15
2757,9,-7
2758,-3,-11
2759,-17,-11
2760,-13,-7
2761,-13,1
2762,-23,-1
2763,-27,-9
2764,-35,-9
2765,-41,-7
2766,-45,-5
2767,-41,-5
2768,-33,-9
2769,-23,-9
2770,-29,19
2771,-145,33
2772,-133,-21
2773,85,-111
2774,415,-45
2775,561,21
2776,531,139
2777,377,-45
2778,43,-167
2779,-75,-79
2780,-51,-15
2781,-51,-7
2782,-57,-11
2783,-67,-9
2784,-71,-15
2785,-65,-13
2786,-59,-15
2787,-65,-15
2788,-59,-17
2789,-53,-21
2790,-43,-19
2791,-45,-19
2792,-45,-23
2793,-37,-29
2794,-37,-27
2795,-27,-35
2796,-23,-33
2797,-23,-45
2798,-23,-41
2799,-25,-55
2800,-29,-57
2801,-25,-61
2802,-17,-55
2803,-37,-53
2804,-37,-59
2805,-35,-47
2806,-31,-33
2807,-31,-25
2808,-19,-21
2809,-23,-15
2810,-27,-9
2811,-25,-5
2812,-25,-3
2813,-29,-1
2814,-27,1
2815,-31,-5
2816,-23,-1
2817,-31,5
2818,-27,1
2819,-25,-5
2820,-29,1
2821,-25,1
2822,-25,-3
2823,-25,3
2824,-27,1
2825,-27,-3
2826,-25,1
2827,-19,1
2828,-33,-3
2829,-25,-5
2830,-21,-3
2831,-23,3
2832,-27,-3
2833,-29,-3
2834,-31,-1
2835,-33,-1
2836,-21,7
2837,-15,7
2838,-13,11
2839,-7,15
2840,9,3
2841,-7,-11
2842,-13,-11
2843,-15,-7
2844,-23,-5
2845,-27,1
2846,-21,-3
2847,-35,-7
2848,-49,-7
2849,-45,-7
2850,-37,-1
2851,-37,-7
2852,-37,-11
2853,-29,9
2854,-129,39
2855,-155,-17
2856,43,-129
2857,389,-65
2858,563,33
2859,521,137
2860,309,-97
2861,-3,-161
2862,-57,-55
2863,-55,-3
2864,-65,-11
2865,-67,-11
2866,-77,-15
2867,-75,-13
2868,-71,-15
2869,-67,-19
2870,-67,-19
2871,-65,-23
2872,-55,-17
2873,-55,-23
2874,-49,-27
2875,-43,-23
2876,-47,-25
2877,-43,-39
2878,-31,-39
2879,-31,-45
2880,-27,-47
2881,-29,-51
2882,-25,-55
2883,-27,-61
2884,-25,-65
2885,-39,-61
2886,-33,-55
2887,-39,-57
2888,-35,-51
2889,-39,-35
2890,-37,-31
2891,-25,-17
2892,-29,-17
2893,-31,-11
2894,-33,-3
2895,-29,1
2896,-39,-5
2897,-35,-3
2898,-37,-3
2899,-33,-3
2900,-37,-3
2901,-33,1
2902,-35,-5
2903,-35,-5
2904,-31,1
2905,-27,-3
2906,-31,-5
2907,-31,1
2908,-31,-3
2909,-31,-1
2910,-23,1
2911,-29,-5
2912,-29,-5
2913,-31,-9
2914,-31,1
2915,-31,1
2916,-29,-9
2917,-29,-7
2918,-29,-3
2919,-27,-1
2920,-21,3
2921,-19,1
2922,-17,9
2923,-13,11
2924,-5,-3
2925,-3,-13
2926,-11,-15
2927,-17,-15
2928,-19,-13
2929,-23,1
2930,-23,-7
2931,-29,-11
2932,-35,-7
2933,-31,-9
2934,-31,-7
2935,-33,-11
2936,-29,-11
2937,-29,-7
2938,-43,31
2939,-59,5
2940,13,-97
2941,193,-125
2942,361,-25
2943,401,131
2944,329,105
2945,161,-149
2946,19,-129
2947,-25,-33
2948,-41,-11
2949,-51,-25
2950,-55,-17
2951,-63,-15
2952,-63,-21
2953,-61,-17
2954,-57,-25
2955,-57,-25
2956,-57,-29
2957,-49,-25
2958,-49,-23
2959,-45,-31
2960,-41,-35
2961,-39,-41
2962,-33,-41
2963,-29,-41
2964,-21,-47
2965,-23,-63
2966,-23,-63
2967,-21,-69
2968,-27,-65
2969,-27,-69
2970,-31,-69
2971,-37,-69
2972,-35,-63
2973,-33,-49
2974,-25,-33
2975,-27,-31
2976,-27,-23
2977,-21,-13
2978,-27,-7
2979,-39,-7
2980,-35,-9
2981,-41,-5
2982,-31,-3
2983,-27,-1
2984,-31,-5
2985,-35,-5
2986,-33,-1
2987,-31,-5
2988,-29,-5
2989,-33,-5
2990,-27,-1
2991,-25,-3
2992,-27,-3
2993,-29,-3
2994,-27,-3
2995,-27,-3
2996,-31,-5
2997,-27,-3
2998,-29,-3
2999,-25,-1
3000,-31,-5
3001,-35,-9
3002,-29,-7
3003,-31,-5
3004,-33,-3
3005,-33,-7
3006,-33,-5
3007,-23,-1
3008,-21,3
3009,-17,3
3010,-13,11
3011,1,5
3012,7,-13
3013,-5,-15
3014,-13,-13
3015,-21,-3
3016,-17,-9
3017,-21,-3
3018,-25,-7
3019,-33,-7
3020,-33,-13
3021,-37,-9
3022,-37,-9
3023,-35,-11
3024,-29,-9
3025,-35,9
3026,-99,31
3027,-111,-31
3028,33,-151
3029,311,-63
3030,453,41
3031,441,185
3032,319,39
3033,71,-161
3034,-35,-93
3035,-43,-23
3036,-45,-9
3037,-57,-19
3038,-59,-23
3039,-63,-19
3040,-61,-21
3041,-61,-21
3042,-57,-17
3043,-53,-17
3044,-55,-31
3045,-49,-35
3046,-43,-31
3047,-41,-35
3048,-39,-41
3049,-33,-41
3050,-31,-49
3051,-33,-57
3052,-27,-61
3053,-23,-65
3054,-21,-69
3055,-27,-77
3056,-27,-81
3057,-25,-77
3058,-35,-71
3059,-27,-67
3060,-29,-59
3061,-25,-53
3062,-25,-39
3063,-19,-29
3064,-15,-21
3065,-27,-11
3066,-37,-9
3067,-23,-7
3068,-29,-11
3069,-31,-11
3070,-29,-3
3071,-29,-1
3072,-33,-7
3073,-35,-9
3074,-35,-5
3075,-33,-7
3076,-33,-9
3077,-35,-7
3078,-25,-1
3079,-31,-7
3080,-31,-7
3081,-37,-7
3082,-33,-7
3083,-37,-1
3084,-35,-7
3085,-35,-7
3086,-35,-11
3087,-39,-9
3088,-37,-11
3089,-25,-9
3090,-31,1
3091,-33,-9
3092,-23,-5
3093,-19,3
3094,-23,7
3095,-13,9
3096,5,-9
3097,-15,-17
3098,-25,-21
3099,-35,-15
3100,-17,-11
3101,-21,-11
3102,-31,-11
3103,-31,-9
3104,-49,-17
3105,-47,-15
3106,-37,-9
3107,-45,-9
3108,-33,-15
3109,-41,1
3110,-133,31
3111,-141,-21
3112,89,-107
3113,427,-59
3114,559,5
3115,513,147
3116,303,-11
3117,-25,-173
3118,-83,-85
3119,-63,-23
3120,-67,-15
3121,-69,-15
3122,-73,-17
3123,-63,-19
3124,-59,-19
3125,-59,-19
3126,-53,-23
3127,-51,-23
3128,-53,-27
3129,-51,-27
3130,-45,-25
3131,-35,-29
3132,-35,-35
3133,-35,-33
3134,-29,-41
3135,-31,-49
3136,-23,-53
3137,-19,-53
3138,-21,-57
3139,-23,-61
3140,-23,-59
3141,-31,-61
3142,-29,-55
3143,-33,-51
3144,-39,-43
3145,-21,-33
3146,-15,-17
3147,-15,-21
3148,-25,-13
3149,-25,-7
3150,-27,-3
3151,-29,-3
3152,-35,-5
3153,-35,3
3154,-37,-5
3155,-37,-5
3156,-29,-5
3157,-27,-3
3158,-35,3
3159,-31,-1
3160,-29,-7
3161,-35,-3
3162,-27,-3
3163,-25,-3
3164,-33,-5
3165,-33,-7
3166,-25,-3
3167,-27,-1
3168,-27,-1
3169,-33,-5
3170,-29,-5
3171,-29,-3
3172,-29,-3
3173,-29,-1
3174,-25,7
3175,-19,9
3176,-15,9
3177,-9,13
3178,-3,9
3179,11,-3
3180,-5,-7
3181,-19,-9
3182,-23,-9
3183,-23,-3
3184,-29,-3
3185,-25,-5
3186,-31,-7
3187,-43,-9
3188,-49,-3
3189,-35,-5
3190,-29,-7
3191,-29,-1
3192,-41,17
3193,-153,35
3194,-111,-5
3195,141,-85
3196,453,-63
3197,569,-3
3198,525,95
3199,267,-113
3200,-29,-165
3201,-67,-51
3202,-47,-3
3203,-55,-1
3204,-67,-5
3205,-69,-5
3206,-67,-5
3207,-63,-5
3208,-63,-13
3209,-61,-15
3210,-53,-13
3211,-53,-15
3212,-51,-19
3213,-45,-17
3214,-39,-13
3215,-37,-19
3216,-31,-23
3217,-25,-29
3218,-19,-29
3219,-17,-31
3220,-11,-43
3221,-21,-43
3222,-21,-45
3223,-23,-49
3224,-21,-51
3225,-29,-43
3226,-29,-43
3227,-29,-39
3228,-23,-29
3229,-25,-23
3230,-19,-11
3231,-21,-11
3232,-29,-9
3233,-23,-3
3234,-21,5
3235,-27,5
3236,-29,1
3237,-29,1
3238,-33,5
3239,-21,3
3240,-29,-3
3241,-23,3
3242,-21,5
3243,-25,5
3244,-31,-3
3245,-21,3
3246,-17,5
3247,-23,-1
3248,-27,-1
3249,-23,-1
3250,-19,5
3251,-19,-3
3252,-25,-5
3253,-31,1
3254,-21,3
3255,-23,1
3256,-19,3
3257,-9,7
3258,-1,15
3259,-19,13
3260,3,9
3261,9,-5
3262,-1,-3
3263,-13,-7
3264,-23,-11
3265,-13,-3
3266,-17,3
3267,-31,-5
3268,-35,-5
3269,-39,-5
3270,-35,-3
3271,-37,-7
3272,-37,-1
3273,-27,-5
3274,-47,27
3275,-143,31
3276,-113,-43
3277,147,-143
3278,475,-53
3279,567,77
3280,501,145
3281,229,-113
3282,-33,-145
3283,-53,-35
3284,-45,-5
3285,-57,-7
3286,-67,-9
3287,-67,-11
3288,-73,-13
3289,-63,-15
3290,-61,-13
3291,-63,-15
3292,-53,-21
3293,-51,-17
3294,-45,-21
3295,-45,-23
3296,-35,-31
3297,-35,-35
3298,-29,-29
3299,-27,-39
3300,-21,-45
3301,-23,-47
3302,-21,-53
3303,-17,-57
3304,-17,-61
3305,-23,-67
3306,-21,-65
3307,-33,-61
3308,-35,-55
3309,-37,-49
3310,-31,-35
3311,-23,-27
3312,-25,-19
3313,-25,-13
3314,-27,-7
3315,-27,-1
3316,-33,1
3317,-37,-1
3318,-31,-1
3319,-33,-1
3320,-35,-1
3321,-31,-1
3322,-31,1
3323,-31,-1
3324,-33,-1
3325,-37,-3
3326,-31,-1
3327,-29,-1
3328,-31,1
3329,-29,-1
3330,-29,1
3331,-35,-5
3332,-37,-5
3333,-33,1
3334,-29,-1
3335,-35,-3
3336,-35,-3
3337,-33,-3
3338,-31,-1
3339,-21,3
3340,-17,7
3341,-25,9
3342,-7,7
3343,-1,-5
3344,-11,-13
3345,-17,-11
3346,-25,-7
3347,-33,-5
3348,-29,5
3349,-33,-3
3350,-43,-7
3351,-41,-5
3352,-45,-5
3353,-39,-11
3354,-39,-5
3355,-43,-7
3356,-39,11
3357,-141,35
3358,-143,-21
3359,33,-147
3360,375,-71
3361,543,31
3362,509,179
3363,317,-3
3364,11,-165
3365,-71,-81
3366,-61,-13
3367,-63,-13
3368,-69,-15
3369,-81,-17
3370,-77,-19
3371,-69,-17
3372,-69,-21
3373,-65,-27
3374,-55,-21
3375,-55,-23
3376,-53,-33
3377,-53,-31
3378,-41,-33
3379,-41,-39
3380,-37,-45
3381,-37,-49
3382,-29,-57
3383,-29,-59
3384,-27,-69
3385,-27,-75
3386,-27,-75
3387,-23,-77
3388,-29,-81
3389,-33,-73
3390,-29,-69
3391,-35,-63
3392,-27,-55
3393,-27,-41
3394,-27,-27
3395,-19,-21
3396,-17,-15
3397,-23,-7
3398,-27,-5
3399,-35,-5
3400,-37,-5
3401,-35,-5
3402,-37,-3
3403,-35,-1
3404,-31,-7
3405,-35,-3
3406,-33,1
3407,-41,-1
3408,-35,-1
3409,-27,-3
3410,-27,-1
3411,-33,-7
3412,-39,-3
3413,-37,-5
3414,-33,1
3415,-39,-5
3416,-29,-1
3417,-29,-7
3418,-33,-5
3419,-27,-5
3420,-25,-1
3421,-19,5
3422,-19,5
3423,-11,5
3424,3,-1
3425,-5,-11
3426,-21,-13
3427,-27,-9
3428,-25,-7
3429,-31,-5
3430,-37,-5
3431,-41,-9
3432,-49,-5
3433,-41,-5
3434,-41,-11
3435,-43,-11
3436,-39,-7
3437,-35,3
3438,-129,33
3439,-155,-11
3440,39,-103
3441,389,-55
3442,541,35
3443,501,161
3444,301,-9
3445,-1,-157
3446,-75,-83
3447,-59,-23
3448,-63,-17
3449,-65,-17
3450,-67,-13
3451,-75,-19
3452,-75,-19
3453,-69,-21
3454,-65,-21
3455,-59,-27
3456,-61,-31
3457,-73,-29
3458,-51,-29
3459,-47,-29
3460,-45,-41
3461,-43,-41
3462,-35,-45
3463,-33,-51
3464,-39,-61
3465,-37,-61
3466,-35,-65
3467,-37,-67
3468,-41,-65
3469,-39,-65
3470,-43,-61
3471,-43,-55
3472,-43,-49
3473,-33,-37
3474,-31,-31
3475,-29,-21
3476,-33,-11
3477,-29,-9
3478,-35,-7
3479,-41,-5
3480,-43,-5
3481,-33,-3
3482,-45,-3
3483,-41,-5
3484,-39,-5
3485,-35,-3
3486,-37,-3
3487,-43,-5
3488,-37,-7
3489,-35,-5
3490,-39,-7
3491,-41,-9
3492,-37,-7
3493,-35,-5
3494,-41,-5
3495,-41,-7
3496,-37,-7
3497,-31,-5
3498,-37,-9
3499,-43,-7
3500,-31,-3
3501,-23,5
3502,-25,9
3503,-29,7
3504,-1,-1
3505,-5,-11
3506,-23,-11
3507,-27,-11
3508,-23,-9
3509,-27,-5
3510,-33,1
3511,-41,-9
3512,-49,-11
3513,-47,-9
3514,-49,-7
3515,-47,-5
3516,-47,-9
3517,-43,-7
3518,-53,19
3519,-153,37
3520,-151,-11
3521,45,-93
3522,403,-43
3523,565,-1
3524,537,117
3525,337,-49
3526,9,-161
3527,-65,-59
3528,-55,-13
3529,-55,-7
3530,-65,-9
3531,-71,-7
3532,-71,-11
3533,-75,-11
3534,-65,-13
3535,-63,-13
3536,-63,-15
3537,-55,-17
3538,-51,-15
3539,-51,-13
3540,-43,-21
3541,-37,-29
3542,-39,-29
3543,-29,-33
3544,-29,-35
3545,-27,-43
3546,-19,-43
3547,-31,-45
3548,-31,-53
3549,-29,-55
3550,-39,-51
3551,-37,-49
3552,-37,-47
3553,-37,-39
3554,-31,-27
3555,-25,-21
3556,-31,-13
3557,-25,-9
3558,-27,-1
3559,-29,1
3560,-33,-3
3561,-33,1
3562,-31,7
3563,-35,3
3564,-25,1
3565,-31,5
3566,-33,5
3567,-31,-1
3568,-29,-1
3569,-29,1
3570,-31,3
3571,-35,1
3572,-29,-3
3573,-27,1
3574,-25,7
3575,-27,-3
3576,-29,-3
3577,-25,-3
3578,-33,-1
3579,-29,-1
3580,-17,7
3581,-23,9
3582,-21,15
3583,-13,11
3584,13,-1
3585,-3,-9
3586,-19,-11
3587,-31,-7
3588,-23,-7
3589,-25,5
3590,-37,-1
3591,-39,-1
3592,-47,-3
3593,-45,-7
3594,-45,-1
3595,-45,-3
3596,-41,-3
3597,-39,17
3598,-137,49
3599,-165,1
3600,3,-117
3601,357,-63
3602,553,9
3603,549,151
3604,401,-43
3605,75,-177
3606,-57,-69
3607,-57,-1
3608,-65,-1
3609,-73,-5
3610,-71,-3
3611,-73,-9
3612,-69,-7
3613,-67,-11
3614,-61,-9
3615,-61,-9
3616,-65,-17
3617,-59,-19
3618,-49,-17
3619,-45,-17
3620,-41,-23
3621,-33,-25
3622,-29,-27
3623,-31,-31
3624,-27,-39
3625,-21,-43
3626,-23,-45
3627,-25,-49
3628,-29,-55
3629,-31,-51
3630,-33,-53
3631,-35,-49
3632,-39,-43
3633,-29,-33
3634,-33,-15
3635,-27,-17
3636,-29,-11
3637,-31,-5
3638,-29,3
3639,-33,5
3640,-33,1
3641,-31,11
3642,-31,5
3643,-37,3
3644,-37,1
3645,-33,5
3646,-29,9
3647,-27,5
3648,-29,1
3649,-27,5
3650,-25,9
3651,-31,3
3652,-39,1
3653,-23,-1
3654,-27,3
3655,-31,7
3656,-27,1
3657,-33,-1
3658,-31,1
3659,-33,3
3660,-19,5
3661,-13,13
3662,-17,15
3663,-15,17
3664,3,-1
3665,11,-5
3666,-15,-7
3667,-25,-5
3668,-23,-1
3669,-23,3
3670,-29,9
3671,-35,1
3672,-43,-1
3673,-47,1
3674,-45,7
3675,-45,-5
3676,-39,1
3677,-33,5
3678,-47,37
3679,-161,21
3680,-143,-55
3681,109,-141
3682,465,-37
3683,575,107
3684,507,169
3685,267,-103
3686,-11,-149
3687,-65,-45
3688,-57,-3
3689,-59,-3
3690,-71,-9
3691,-73,-9
3692,-77,-11
3693,-69,-9
3694,-65,-3
3695,-63,-15
3696,-61,-21
3697,-65,-19
3698,-51,-19
3699,-49,-25
3700,-45,-29
3701,-37,-27
3702,-37,-35
3703,-35,-41
3704,-37,-49
3705,-27,-53
3706,-21,-51
3707,-33,-61
3708,-31,-67
3709,-31,-67
3710,-27,-61
3711,-37,-67
3712,-33,-59
3713,-37,-45
3714,-21,-33
3715,-23,-25
3716,-27,-19
3717,-23,-7
3718,-25,-5
3719,-27,1
3720,-35,1
3721,-33,1
3722,-37,11
3723,-39,5
3724,-35,-3
3725,-33,3
3726,-29,9
3727,-31,9
3728,-29,5
3729,-33,1
3730,-29,3
3731,-29,7
3732,-31,3
3733,-29,1
3734,-29,3
3735,-33,7
3736,-27,3
3737,-31,5
3738,-37,3
3739,-33,1
3740,-31,5
3741,-29,9
3742,-19,15
3743,-25,13
3744,-11,-1
3745,9,-5
3746,-7,-5
3747,-21,-7
3748,-33,-9
3749,-33,-1
3750,-33,3
3751,-27,-3
3752,-41,5
3753,-43,1
3754,-47,-1
3755,-43,-1
3756,-47,-3
3757,-45,1
3758,-59,37
3759,-171,15
3760,-115,-61
3761,137,-113
3762,465,-7
3763,553,101
3764,515,181
3765,235,-83
3766,-55,-141
3767,-77,-47
3768,-65,-5
3769,-71,-11
3770,-73,-11
3771,-75,-13
3772,-71,-17
3773,-67,-9
3774,-63,-15
3775,-75,-13
3776,-57,-25
3777,-53,-23
3778,-49,-23
3779,-47,-27
3780,-53,-29
3781,-49,-35
3782,-45,-41
3783,-43,-45
3784,-37,-51
3785,-37,-57
3786,-31,-57
3787,-35,-61
3788,-35,-65
3789,-37,-67
3790,-45,-61
3791,-47,-57
3792,-37,-51
3793,-43,-45
3794,-47,-35
3795,-27,-25
3796,-19,-17
3797,-37,-9
3798,-27,-3
3799,-23,1
3800,-33,-3
3801,-31,-5
3802,-37,-1
3803,-33,5
3804,-31,-5
3805,-37,-5
3806,-31,-5
3807,-35,3
3808,-31,-7
3809,-37,-5
3810,-31,1
3811,-31,-3
3812,-29,-5
3813,-35,-1
3814,-37,-5
3815,-35,-5
3816,-33,-3
3817,-29,-3
3818,-31,1
3819,-25,-1
3820,-25,5
3821,-23,11
3822,-23,15
3823,-5,-1
3824,1,-13
3825,-9,-13
3826,-17,-7
3827,-21,-9
3828,-27,-7
3829,-35,-1
3830,-27,-1
3831,-39,-7
3832,-45,-11
3833,-41,-9
3834,-51,-5
3835,-31,-1
3836,-35,1
3837,-57,29
3838,-167,19
3839,-113,-67
3840,173,-121
3841,495,-37
3842,577,115
3843,497,95
3844,199,-161
3845,-43,-117
3846,-53,-25
3847,-49,-3
3848,-59,-5
3849,-73,-7
3850,-73,-7
3851,-67,-11
3852,-65,-11
3853,-59,-9
3854,-59,-15
3855,-59,-17
3856,-57,-19
3857,-53,-21
3858,-45,-19
3859,-37,-23
3860,-39,-27
3861,-35,-29
3862,-25,-31
3863,-23,-37
3864,-21,-45
3865,-19,-51
3866,-21,-53
3867,-21,-53
3868,-27,-59
3869,-31,-57
3870,-33,-55
3871,-31,-47
3872,-31,-43
3873,-27,-29
3874,-23,-19
3875,-29,-11
3876,-31,-9
3877,-21,-1
3878,-25,3
3879,-35,1
3880,-35,1
3881,-33,1
3882,-33,1
3883,-29,1
3884,-31,1
3885,-29,3
3886,-29,5
3887,-37,1
3888,-31,-1
3889,-33,3
3890,-29,3
3891,-25,-1
3892,-33,-3
3893,-31,1
3894,-29,-1
3895,-35,-1
3896,-27,-3
3897,-35,-1
3898,-31,1
3899,-25,5
3900,-21,7
3901,-19,9
3902,-7,9
3903,13,-9
3904,-7,-9
3905,-13,-13
3906,-21,-7
3907,-25,-5
3908,-27,-1
3909,-27,-3
3910,-39,-3
3911,-39,-5
3912,-43,-7
3913,-41,-5
3914,-39,-7
3915,-37,-7
3916,-37,13
3917,-145,37
3918,-163,-21
3919,15,-161
3920,363,-57
3921,549,55
3922,537,189
3923,387,-15
3924,61,-173
3925,-59,-85
3926,-55,-13
3927,-57,-3
3928,-71,-17
3929,-71,-19
3930,-75,-17
3931,-67,-19
3932,-63,-17
3933,-59,-19
3934,-63,-19
3935,-57,-23
3936,-49,-29
3937,-49,-27
3938,-53,-35
3939,-41,-39
3940,-41,-43
3941,-29,-47
3942,-25,-51
3943,-25,-55
3944,-27,-63
3945,-25,-63
3946,-25,-69
3947,-27,-77
3948,-31,-79
3949,-35,-75
3950,-35,-69
3951,-39,-61
3952,-29,-49
3953,-21,-35
3954,-21,-23
3955,-17,-21
3956,-15,-11
3957,-19,-7
3958,-23,3
3959,-27,1
3960,-29,-7
3961,-29,-1
3962,-33,3
3963,-27,1
3964,-27,-5
3965,-27,-3
3966,-25,-1
3967,-27,-5
3968,-31,-7
3969,-29,-3
3970,-35,-1
3971,-29,-5
3972,-27,-5
3973,-27,-7
3974,-29,-5
3975,-29,-5
3976,-35,-7
3977,-31,-5
3978,-27,-1
3979,-25,5
3980,-23,1
3981,-21,-1
3982,-5,-3
3983,7,-17
3984,-9,-17
3985,-13,-15
3986,-29,-13
3987,-27,-9
3988,-31,-5
3989,-31,-11
3990,-37,-7
3991,-51,-13
3992,-47,-13
3993,-45,-13
3994,-35,-9
3995,-41,-7
3996,-53,11
3997,-171,1
3998,-129,-45
3999,121,-101
4000,447,-21
4001,541,73
4002,505,157
4003,241,-57
4004,-51,-133
4005,-81,-63
4006,-57,-21
4007,-65,-17
4008,-77,-25
4009,-79,-27
4010,-81,-23
4011,-69,-23
4012,-65,-25
4013,-71,-27
4014,-69,-29
4015,-55,-33
4016,-57,-35
4017,-49,-37
4018,-51,-37
4019,-45,-43
4020,-53,-47
4021,-45,-51
4022,-39,-55
4023,-33,-63
4024,-33,-69
4025,-35,-69
4026,-49,-67
4027,-45,-69
4028,-43,-71
4029,-41,-67
4030,-35,-61
4031,-49,-51
4032,-41,-43
4033,-27,-33
4034,-21,-19
4035,-27,-13
4036,-37,-11
4037,-33,-13
4038,-35,-9
4039,-35,-5
4040,-43,-7
4041,-41,-5
4042,-35,-3
4043,-43,-3
4044,-47,-7
4045,-37,-7
4046,-35,-5
4047,-35,-9
4048,-41,-7
4049,-35,-3
4050,-39,-7
4051,-41,-11
4052,-45,-9
4053,-43,-9
4054,-37,-7
4055,-49,-9
4056,-41,-11
4057,-39,-9
4058,-49,-3
4059,-29,3
4060,-25,7
4061,-33,5
4062,-3,5
4063,-5,-11
4064,-21,-19
4065,-27,-15
4066,-37,-15
4067,-39,-11
4068,-39,-7
4069,-39,-13
4070,-53,-11
4071,-53,-7
4072,-59,-15
4073,-57,-17
4074,-63,-11
4075,-41,-9
4076,-93,33
4077,-189,17
4078,-107,-55
4079,189,-99
4080,495,-69
4081,561,73
4082,487,43
4083,127,-181
4084,-77,-107
4085,-67,-15
4086,-63,-5
4087,-71,-9
4088,-83,-13
4089,-87,-17
4090,-77,-11
4091,-83,-13
4092,-81,-13
4093,-83,-11
4094,-69,-19
4095,-71,-17
4096,-67,-15
4097,-57,-23
4098,-49,-25
4099,-43,-25
4100,-37,-23
4101,-41,-31
4102,-37,-37
4103,-41,-39
4104,-33,-43
4105,-37,-45
4106,-37,-49
4107,-43,-49
4108,-45,-45
4109,-55,-51
4110,-51,-41
4111,-45,-37
4112,-47,-25
4113,-37,-19
4114,-31,-15
4115,-31,-9
4116,-31,-5
4117,-37,-1
4118,-43,-5
4119,-43,-3
4120,-41,-1
4121,-39,-1
4122,-39,3
4123,-37,-1
4124,-37,1
4125,-33,-1
4126,-41,-3
4127,-39,-3
4128,-35,-5
4129,-35,-1
4130,-35,5
4131,-37,-5
4132,-35,-5
4133,-31,-3
4134,-35,1
4135,-37,-3
4136,-33,-1
4137,-21,5
4138,-19,11
4139,-23,15
4140,-21,19
4141,-9,5
4142,-5,-3
4143,-7,-9
4144,-21,-11
4145,-29,-5
4146,-25,-1
4147,-29,5
4148,-41,-3
4149,-43,-9
4150,-45,-3
4151,-45,-4
4152,-45,-8
4153,-51,-8
4154,-47,-2
4155,-37,0
4156,-93,46
4157,-173,10
4158,-101,-94
4159,225,-96
4160,519,-20
4161,577,122
4162,481,68
4163,159,-174
4164,-43,-116
4165,-63,-14
4166,-63,-6
4167,-65,-4
4168,-73,-10
4169,-73,-10
4170,-75,-10
4171,-73,-8
4172,-59,-12
4173,-67,-16
4174,-59,-14
4175,-55,-14
4176,-57,-15
4177,-55,-21
4178,-43,-21
4179,-41,-27
4180,-31,-31
4181,-31,-33
4182,-27,-39
4183,-25,-43
4184,-21,-51
4185,-27,-53
4186,-29,-49
4187,-35,-55
4188,-37,-55
4189,-39,-51
4190,-37,-41
4191,-31,-31
4192,-29,-25
4193,-29,-15
4194,-29,-3
4195,-29,-1
4196,-29,-1
4197,-31,5
4198,-31,7
4199,-39,9
4200,-33,5
4201,-33,3
4202,-27,7
4203,-33,9
4204,-31,1
4205,-35,3
4206,-29,3
4207,-21,5
4208,-25,3
4209,-31,5
4210,-31,1
4211,-25,3
4212,-31,1
4213,-29,3
4214,-27,3
4215,-27,1
4216,-25,1
4217,-35,1
4218,-31,5
4219,-21,5
4220,-13,11
4221,-21,9
4222,-17,13
4223,11,9
4224,3,-9
4225,-9,-11
4226,-19,-3
4227,-23,1
4228,-25,1
4229,-27,-1
4230,-39,-3
4231,-45,-1
4232,-45,-5
4233,-47,1
4234,-39,-1
4235,-41,-5
4236,-33,1
4237,-87,41
4238,-159,1
4239,-91,-99
4240,201,-111
4241,491,-11
4242,541,149
4243,463,131
4244,209,-129
4245,-27,-125
4246,-61,-43
4247,-55,-9
4248,-69,-11
4249,-69,-11
4250,-69,-9
4251,-77,-11
4252,-73,-17
4253,-63,-17
4254,-63,-17
4255,-61,-17
4256,-63,-25
4257,-59,-21
4258,-49,-21
4259,-45,-27
4260,-43,-33
4261,-41,-37
4262,-39,-39
4263,-37,-41
4264,-35,-51
4265,-29,-57
4266,-27,-57
4267,-25,-65
4268,-31,-69
4269,-33,-69
4270,-47,-61
4271,-39,-61
4272,-43,-55
4273,-39,-45
4274,-27,-31
4275,-25,-25
4276,-27,-15
4277,-31,1
4278,-35,-5
4279,-37,-1
4280,-37,1
4281,-37,-1
4282,-33,1
4283,-39,7
4284,-29,1
4285,-33,-1
4286,-31,-3
4287,-35,3
4288,-29,-3
4289,-29,-1
4290,-27,7
4291,-27,3
4292,-33,3
4293,-35,1
4294,-31,1
4295,-25,1
4296,-27,-5
4297,-33,-1
4298,-31,5
4299,-31,1
4300,-29,-3
4301,-29,-1
4302,-23,7
4303,-13,15
4304,-17,9
4305,-5,9
4306,7,-1
4307,-9,-7
4308,-9,-13
4309,-17,-5
4310,-19,-3
4311,-25,3
4312,-33,-5
4313,-33,-3
4314,-39,-1
4315,-47,-3
4316,-41,-9
4317,-33,-5
4318,-33,-5
4319,-33,9
4320,-129,29
4321,-151,-21
4322,-13,-133
4323,339,-57
4324,529,59
4325,505,201
4326,359,37
4327,25,-143
4328,-73,-83
4329,-63,-23
4330,-63,-9
4331,-63,-15
4332,-73,-17
4333,-65,-19
4334,-63,-13
4335,-65,-25
4336,-63,-23
4337,-59,-23
4338,-53,-29
4339,-47,-27
4340,-53,-33
4341,-47,-37
4342,-39,-39
4343,-35,-41
4344,-35,-51
4345,-33,-55
4346,-29,-57
4347,-37,-65
4348,-29,-73
4349,-29,-71
4350,-31,-71
4351,-35,-75
4352,-39,-71
4353,-29,-61
4354,-27,-55
4355,-25,-47
4356,-25,-35
4357,-17,-21
4358,-13,-19
4359,-19,-9
4360,-23,-5
4361,-27,-5
4362,-29,-1
4363,-29,-1
4364,-33,-3
4365,-29,1
4366,-33,-5
4367,-31,-7
4368,-29,-5
4369,-35,-1
4370,-27,-1
4371,-27,1
4372,-27,-7
4373,-29,-3
4374,-29,-3
4375,-33,1
4376,-35,-5
4377,-35,-7
4378,-33,-3
4379,-31,-5
4380,-35,-7
4381,-33,-3
4382,-27,-3
4383,-27,-9
4384,-29,-5
4385,-25,3
4386,-21,5
4387,-25,5
4388,-21,7
4389,-5,1
4390,7,-7
4391,-7,-7
4392,-21,-13
4393,-27,-15
4394,-23,-3
4395,-31,-3
4396,-39,-9
4397,-39,-3
4398,-43,-9
4399,-43,-11
4400,-49,-11
4401,-39,-7
4402,-21,7
4403,-97,33
4404,-171,-9
4405,-29,-91
4406,305,-63
4407,543,-1
4408,547,131
4409,441,63
4410,75,-171
4411,-85,-109
4412,-59,-31
4413,-61,-11
4414,-75,-11
4415,-69,-17
4416,-75,-11
4417,-75,-19
4418,-67,-19
4419,-69,-19
4420,-63,-23
4421,-55,-19
4422,-59,-19
4423,-57,-23
4424,-47,-27
4425,-43,-33
4426,-37,-35
4427,-37,-35
4428,-35,-43
4429,-29,-43
4430,-27,-47
4431,-39,-59
4432,-37,-63
4433,-35,-63
4434,-41,-55
4435,-43,-47
4436,-33,-55
4437,-35,-49
4438,-33,-37
4439,-25,-31
4440,-35,-25
4441,-23,-15
4442,-23,-3
4443,-29,-3
4444,-29,-9
4445,-33,1
4446,-37,3
4447,-35,-5
4448,-37,-3
4449,-35,-3
4450,-29,1
4451,-33,1
4452,-37,-1
4453,-35,-5
4454,-31,-3
4455,-31,-3
4456,-33,-5
4457,-33,-3
4458,-35,-1
4459,-31,-7
4460,-33,-5
4461,-31,-7
4462,-31,-5
4463,-37,-9
4464,-39,-3
4465,-35,-5
4466,-21,-1
4467,-17,5
4468,-25,9
4469,-29,7
4470,7,5
4471,1,-7
4472,-13,-11
4473,-17,-19
4474,-21,-9
4475,-23,-1
4476,-41,-5
4477,-37,-11
4478,-41,-7
4479,-39,-9
4480,-51,-13
4481,-45,-9
4482,-41,-7
4483,-33,-3
4484,-89,49
4485,-175,9
4486,-63,-89
4487,253,-87
4488,521,-37
4489,567,117
4490,463,55
4491,127,-169
4492,-65,-113
4493,-55,-21
4494,-51,-3
4495,-65,-7
4496,-77,-7
4497,-77,-7
4498,-67,-13
4499,-71,-15
4500,-61,-15
4501,-57,-15
4502,-61,-13
4503,-55,-23
4504,-51,-25
4505,-49,-25
4506,-33,-23
4507,-35,-25
4508,-35,-35
4509,-29,-37
4510,-23,-43
4511,-23,-47
4512,-25,-53
4513,-21,-55
4514,-25,-57
4515,-31,-55
4516,-37,-57
4517,-37,-51
4518,-35,-45
4519,-37,-37
4520,-25,-27
4521,-27,-21
4522,-25,-7
4523,-27,-9
4524,-29,-5
4525,-39,-1
4526,-29,-1
4527,-29,-1
4528,-33,-1
4529,-33,5
4530,-31,-1
4531,-31,-1
4532,-35,-5
4533,-25,-1
4534,-23,1
4535,-23,5
4536,-29,-5
4537,-29,-3
4538,-25,-1
4539,-25,-1
4540,-27,1
4541,-29,-7
4542,-23,-1
4543,-35,-3
4544,-27,-7
4545,-31,-3
4546,-27,-1
4547,-31,-1
4548,-19,-1
4549,-11,5
4550,-13,13
4551,-13,7
4552,13,-1
4553,3,-9
4554,-7,-13
4555,-21,-13
4556,-17,-11
4557,-21,5
4558,-23,-5
4559,-33,-11
4560,-37,-11
4561,-39,-9
4562,-39,-7
4563,-35,-7
4564,-37,-11
4565,-29,-7
4566,-65,37
4567,-155,3
4568,-59,-105
4569,271,-107
4570,539,-11
4571,567,153
4572,455,81
4573,149,-157
4574,-45,-119
4575,-55,-31
4576,-49,-7
4577,-63,-13
4578,-61,-15
4579,-71,-15
4580,-65,-17
4581,-63,-11
4582,-59,-15
4583,-55,-21
4584,-59,-23
4585,-53,-27
4586,-43,-15
4587,-37,-25
4588,-39,-31
4589,-31,-33
4590,-31,-33
4591,-31,-39
4592,-23,-39
4593,-19,-53
4594,-17,-55
4595,-19,-55
4596,-19,-63
4597,-23,-63
4598,-27,-67
4599,-23,-65
4600,-27,-55
4601,-29,-49
4602,-27,-39
4603,-25,-29
4604,-17,-21
4605,-19,-13
4606,-23,-1
4607,-25,-5
4608,-29,-1
4609,-27,-1
4610,-33,5
4611,-29,-1
4612,-27,-5
4613,-25,5
4614,-25,3
4615,-27,3
4616,-25,-5
4617,-27,-1
4618,-23,3
4619,-25,5
4620,-25,-5
4621,-27,-5
4622,-21,1
4623,-19,1
4624,-25,3
4625,-25,-7
4626,-29,-1
4627,-29,-1
4628,-25,5
4629,-25,-3
4630,-19,1
4631,-7,5
4632,-11,9
4633,-17,13
4634,7,13
4635,7,-3
4636,1,-11
4637,-13,-11
4638,-23,-5
4639,-17,1
4640,-29,7
4641,-29,-7
4642,-33,-5
4643,-39,-7
4644,-33,-3
4645,-35,-5
4646,-35,-1
4647,-25,-3
4648,-67,35
4649,-159,-1
4650,-97,-91
4651,209,-131
4652,515,-3
4653,555,165
4654,471,131
4655,151,-145
4656,-57,-125
4657,-55,-31
4658,-49,-7
4659,-61,-9
4660,-63,-17
4661,-71,-19
4662,-67,-17
4663,-65,-19
4664,-57,-19
4665,-57,-25
4666,-53,-25
4667,-49,-25
4668,-47,-25
4669,-37,-29
4670,-39,-35
4671,-35,-47
4672,-27,-45
4673,-25,-47
4674,-29,-49
4675,-21,-57
4676,-21,-71
4677,-19,-71
4678,-17,-67
4679,-39,-69
4680,-29,-69
4681,-27,-69
4682,-25,-63
4683,-21,-49
4684,-23,-39
4685,-15,-27
4686,-17,-15
4687,-15,-11
4688,-23,-11
4689,-25,-3
4690,-25,5
4691,-27,-1
4692,-29,-3
4693,-33,1
4694,-29,5
4695,-27,1
4696,-33,-3
4697,-33,-1
4698,-27,1
4699,-29,3
4700,-29,1
4701,-33,1
4702,-27,3
4703,-31,-3
4704,-29,-1
4705,-35,1
4706,-25,1
4707,-31,1
4708,-29,-1
4709,-29,-3
4710,-31,-1
4711,-25,1
4712,-19,5
4713,-19,9
4714,-15,15
4715,3,11
4716,1,1
4717,-9,-19
4718,-33,-7
4719,-23,-1
4720,-23,-3
4721,-25,-1
4722,-29,5
4723,-47,-5
4724,-53,-7
4725,-41,-7
4726,-37,-3
4727,-37,-1
4728,-35,-3
4729,-43,21
4730,-167,17
4731,-147,-39
4732,91,-131
4733,425,-25
4734,557,77
4735,505,201
4736,331,-9
4737,-3,-163
4738,-75,-67
4739,-57,-11
4740,-65,-15
4741,-75,-19
4742,-67,-13
4743,-63,-15
4744,-77,-19
4745,-67,-25
4746,-59,-21
4747,-73,-25
4748,-55,-25
4749,-47,-29
4750,-49,-27
4751,-45,-33
4752,-41,-39
4753,-37,-41
4754,-35,-49
4755,-33,-55
4756,-35,-57
4757,-31,-61
4758,-31,-63
4759,-25,-65
4760,-41,-69
4761,-39,-67
4762,-33,-57
4763,-43,-57
4764,-39,-47
4765,-27,-37
4766,-21,-25
4767,-19,-11
4768,-23,-7
4769,-33,-7
4770,-29,1
4771,-35,3
4772,-35,-1
4773,-29,3
4774,-25,7
4775,-29,1
4776,-35,-3
4777,-37,-1
4778,-29,3
4779,-31,3
4780,-31,-3
4781,-29,7
4782,-35,1
4783,-33,1
4784,-33,-1
4785,-27,1
4786,-23,5
4787,-31,1
4788,-37,1
4789,-31,1
4790,-31,3
4791,-33,1
4792,-29,9
4793,-15,17
4794,-21,15
4795,-21,15
4796,7,5
4797,1,-1
4798,-7,-3
4799,-15,-1
4800,-25,1
4801,-31,11
4802,-31,3
4803,-33,1
4804,-43,3
4805,-45,1
4806,-45,3
4807,-37,5
4808,-35,3
4809,-33,-3
4810,-75,43
4811,-169,13
4812,-73,-73
4813,259,-81
4814,521,-3
4815,565,123
4816,497,119
4817,183,-141
4818,-53,-121
4819,-63,-29
4820,-55,-1
4821,-65,-5
4822,-69,-9
4823,-77,-7
4824,-69,-11
4825,-67,-11
4826,-61,-11
4827,-59,-13
4828,-57,-17
4829,-55,-19
4830,-51,-15
4831,-45,-21
4832,-41,-19
4833,-37,-25
4834,-33,-25
4835,-27,-29
4836,-29,-41
4837,-23,-45
4838,-23,-47
4839,-31,-53
4840,-25,-61
4841,-29,-53
4842,-41,-55
4843,-37,-53
4844,-33,-45
4845,-33,-45
4846,-25,-27
4847,-25,-19
4848,-19,-17
4849,-19,-9
4850,-21,1
4851,-23,5
4852,-29,-1
4853,-25,1
4854,-25,5
4855,-25,9
4856,-23,1
4857,-25,-1
4858,-25,3
4859,-23,3
4860,-23,1
4861,-25,3
4862,-21,3
4863,-19,3
4864,-21,-1
4865,-21,-1
4866,-19,1
4867,-21,1
4868,-23,-1
4869,-21,-5
4870,-21,-1
4871,-29,-1
4872,-25,-5
4873,-21,1
4874,-15,7
4875,-11,7
4876,-11,7
4877,-9,15
4878,9,9
4879,7,-3
4880,-5,-15
4881,-11,-9
4882,-15,-5
4883,-15,3
4884,-17,5
4885,-25,-3
4886,-35,-3
4887,-37,-9
4888,-35,-1
4889,-37,-5
4890,-33,-3
4891,-27,3
4892,-91,39
4893,-145,5
4894,-47,-87
4895,275,-89
4896,535,-11
4897,563,145
4898,435,35
4899,111,-157
4900,-55,-97
4901,-53,-13
4902,-53,3
4903,-57,-3
4904,-63,-5
4905,-67,-7
4906,-65,-5
4907,-65,-7
4908,-63,-9
4909,-53,-11
4910,-51,-11
4911,-47,-13
4912,-43,-17
4913,-43,-19
4914,-37,-17
4915,-31,-19
4916,-25,-29
4917,-25,-31
4918,-23,-33
4919,-19,-35
4920,-21,-43
4921,-17,-43
4922,-27,-53
4923,-25,-55
4924,-27,-53
4925,-33,-45
4926,-31,-43
4927,-31,-39
4928,-21,-29
4929,-23,-17
4930,-19,-7
4931,-17,-3
4932,-27,1
4933,-29,7
4934,-25,5
4935,-27,3
4936,-31,1
4937,-27,5
4938,-23,11
4939,-21,1
4940,-25,1
4941,-23,3
4942,-23,7
4943,-25,5
4944,-23,5
4945,-21,-3
4946,-21,3
4947,-19,3
4948,-23,7
4949,-21,5
4950,-23,-1
4951,-25,-1
4952,-25,3
4953,-25,3
4954,-23,3
4955,-25,1
4956,-27,-5
4957,-21,1
4958,-9,13
4959,-9,17
4960,-9,13
4961,7,11
4962,13,-7
4963,-1,-9
4964,-9,-3
4965,-15,-5
4966,-9,3
4967,-17,1
4968,-27,1
4969,-33,-5
4970,-35,-5
4971,-31,-3
4972,-35,-3
4973,-29,3
4974,-23,1
4975,-29,19
4976,-125,21
4977,-129,-39
4978,93,-145
4979,409,-49
4980,531,69
4981,491,173
4982,293,-71
4983,21,-151
4984,-51,-59
4985,-47,-9
4986,-49,-11
4987,-61,-15
4988,-59,-17
4989,-67,-17
4990,-63,-17
4991,-47,-17
4992,-57,-23
4993,-51,-17
4994,-55,-25
4995,-43,-25
4996,-37,-31
4997,-37,-35
4998,-27,-35
4999,-31,-37
5000,-25,-41
5001,-33,-47
5002,-19,-55
5003,-13,-61
5004,-17,-67
5005,-13,-65
5006,-25,-65
5007,-35,-73
5008,-35,-71
5009,-29,-61
5010,-29,-49
5011,-25,-45
5012,-25,-31
5013,-25,-25
5014,-23,-19
5015,-21,-11
5016,-29,-11
5017,-29,-7
5018,-27,-3
5019,-33,-9
5020,-41,-5
5021,-23,-1
5022,-29,-5
5023,-35,-7
5024,-31,-7
5025,-27,-3
5026,-31,-3
5027,-33,-3
5028,-33,-13
5029,-29,-7
5030,-29,-1
5031,-31,-7
5032,-33,-9
5033,-33,-9
5034,-21,-3
5035,-31,-5
5036,-31,-11
5037,-33,-11
5038,-29,-5
5039,-37,-5
5040,-37,-9
5041,-27,-9
5042,-17,3
5043,-15,9
5044,-17,7
5045,1,-7
5046,3,-13
5047,-15,-19
5048,-21,-13
5049,-17,-13
5050,-31,1
5051,-25,-11
5052,-31,-13
5053,-49,-11
5054,-37,-7
5055,-39,-13
5056,-53,-9
5057,-35,-13
5058,-35,-11
5059,-69,29
5060,-139,-5
5061,-99,-85
5062,165,-135
5063,465,-27
5064,539,117
5065,461,153
5066,171,-123
5067,-61,-127
5068,-67,-49
5069,-69,-19
5070,-61,-15
5071,-65,-25
5072,-69,-29
5073,-75,-25
5074,-71,-25
5075,-65,-23
5076,-67,-29
5077,-61,-29
5078,-51,-29
5079,-51,-33
5080,-49,-39
5081,-49,-39
5082,-45,-45
5083,-39,-53
5084,-37,-59
5085,-45,-63
5086,-35,-65
5087,-21,-67
5088,-31,-81
5089,-33,-83
5090,-33,-81
5091,-37,-79
5092,-39,-75
5093,-35,-65
5094,-29,-49
5095,-27,-43
5096,-39,-39
5097,-23,-29
5098,-17,-11
5099,-23,-11
5100,-33,-7
5101,-31,-3
5102,-35,-9
5103,-39,-7
5104,-31,-5
5105,-33,-3
5106,-39,-1
5107,-35,-3
5108,-43,-7
5109,-39,-7
5110,-37,-3
5111,-33,-7
5112,-29,-7
5113,-35,-7
5114,-29,-3
5115,-41,-5
5116,-45,-7
5117,-33,-5
5118,-39,-3
5119,-37,-5
5120,-35,-7
5121,-31,-7
5122,-31,-5
5123,-41,-3
5124,-25,3
5125,-19,7
5126,-27,7
5127,-9,-1
5128,-1,-11
5129,-17,-17
5130,-27,-11
5131,-25,-7
5132,-29,-9
5133,-33,-7
5134,-41,-9
5135,-45,-11
5136,-47,-13
5137,-53,-13
5138,-43,-3
5139,-37,-7
5140,-41,-7
5141,-71,25
5142,-175,3
5143,-101,-63
5144,179,-115
5145,493,-21
5146,539,105
5147,483,153
5148,189,-107
5149,-57,-137
5150,-77,-51
5151,-81,-17
5152,-61,-19
5153,-59,-19
5154,-69,-21
5155,-67,-17
5156,-73,-23
5157,-81,-23
5158,-53,-25
5159,-59,-29
5160,-61,-31
5161,-51,-31
5162,-51,-23
5163,-51,-39
5164,-47,-43
5165,-43,-43
5166,-47,-51
5167,-37,-57
5168,-29,-61
5169,-31,-63
5170,-31,-65
5171,-37,-69
5172,-43,-71
5173,-41,-67
5174,-39,-61
5175,-41,-57
5176,-35,-45
5177,-27,-39
5178,-25,-27
5179,-27,-19
5180,-35,-11
5181,-31,-9
5182,-25,-5
5183,-31,-1
5184,-39,1
5185,-35,-3
5186,-35,1
5187,-33,-1
5188,-35,-5
5189,-35,-1
5190,-31,-5
5191,-35,-5
5192,-37,-3
5193,-41,-5
5194,-31,-5
5195,-25,-1
5196,-35,-5
5197,-41,-3
5198,-23,-1
5199,-33,-7
5200,-43,-9
5201,-25,-1
5202,-31,-1
5203,-39,-5
5204,-27,3
5205,-19,5
5206,-23,9
5207,-15,9
5208,-11,9
5209,11,-3
5210,-9,-13
5211,-19,-15
5212,-27,-11
5213,-21,3
5214,-23,3
5215,-33,-7
5216,-41,-11
5217,-39,-3
5218,-47,-1
5219,-33,-5
5220,-33,-9
5221,-29,-5
5222,-41,27
5223,-149,35
5224,-111,-29
5225,151,-107
5226,457,-47
5227,573,33
5228,535,123
5229,303,-107
5230,5,-161
5231,-71,-53
5232,-51,-9
5233,-49,-1
5234,-61,-5
5235,-67,-5
5236,-69,-11
5237,-67,-7
5238,-61,-9
5239,-55,-7
5240,-53,-11
5241,-55,-17
5242,-47,-13
5243,-47,-13
5244,-41,-13
5245,-39,-21
5246,-33,-23
5247,-27,-25
5248,-31,-29
5249,-29,-31
5250,-21,-35
5251,-25,-51
5252,-25,-53
5253,-23,-43
5254,-27,-49
5255,-37,-47
5256,-39,-47
5257,-41,-41
5258,-29,-27
5259,-23,-19
5260,-27,-15
5261,-21,-1
5262,-23,-3
5263,-19,3
5264,-23,11
5265,-27,11
5266,-29,9
5267,-33,5
5268,-37,7
5269,-27,3
5270,-25,11
5271,-29,11
5272,-29,7
5273,-27,9
5274,-21,5
5275,-31,5
5276,-29,9
5277,-25,5
5278,-23,9
5279,-23,5
5280,-27,3
5281,-29,1
5282,-27,11
5283,-21,13
5284,-25,3
5285,-25,1
5286,-27,5
5287,-19,5
5288,-9,19
5289,-15,13
5290,-7,17
5291,9,13
5292,5,1
5293,-7,-11
5294,-17,-1
5295,-23,-1
5296,-23,9
5297,-29,5
5298,-27,5
5299,-29,-1
5300,-33,3
5301,-39,-3
5302,-39,-1
5303,-37,9
5304,-25,7
5305,-73,41
5306,-153,15
5307,-77,-69
5308,241,-101
5309,537,-23
5310,575,155
5311,417,25
5312,53,-167
5313,-61,-75
5314,-51,-7
5315,-49,-1
5316,-67,-1
5317,-69,-3
5318,-67,-9
5319,-65,-5
5320,-65,-9
5321,-61,-15
5322,-47,-13
5323,-59,-13
5324,-49,-13
5325,-47,-13
5326,-37,-21
5327,-35,-19
5328,-37,-27
5329,-23,-29
5330,-29,-31
5331,-17,-35
5332,-19,-47
5333,-15,-49
5334,-23,-45
5335,-23,-61
5336,-19,-57
5337,-33,-57
5338,-27,-49
5339,-31,-49
5340,-23,-39
5341,-21,-23
5342,-23,-17
5343,-21,-9
5344,-15,-3
5345,-25,3
5346,-29,3
5347,-25,7
5348,-35,5
5349,-25,9
5350,-27,11
5351,-27,-1
5352,-27,9
5353,-27,9
5354,-31,7
5355,-23,7
5356,-31,1
5357,-27,1
5358,-31,11
5359,-27,5
5360,-25,3
5361,-25,1
5362,-23,7
5363,-21,11
5364,-25,3
5365,-33,1
5366,-23,9
5367,-1,5
5368,-21,11
5369,-25,13
5370,-19,17
5371,7,9
5372,5,-1
5373,-9,3
5374,-21,-1
5375,-21,-1
5376,-23,3
5377,-27,7
5378,-31,11
5379,-45,5
5380,-41,5
5381,-35,1
5382,-39,7
5383,-41,5
5384,-33,3
5385,-43,13
5386,-163,29
5387,-143,-9
5388,75,-83
5389,411,-31
5390,561,37
5391,511,117
5392,323,5
5393,27,-87
5394,-67,-45
5395,-59,-11
5396,-71,-5
5397,-65,-1
5398,-73,-1
5399,-69,-1
5400,-75,-7
5401,-67,-9
5402,-63,-5
5403,-63,-7
5404,-63,-9
5405,-63,-15
5406,-45,-15
5407,-49,-13
5408,-43,-21
5409,-37,-25
5410,-33,-25
5411,-33,-33
5412,-31,-35
5413,-31,-45
5414,-27,-47
5415,-29,-49
5416,-43,-55
5417,-37,-55
5418,-39,-51
5419,-33,-47
5420,-35,-43
5421,-31,-27
5422,-33,-21
5423,-31,-15
5424,-23,-9
5425,-33,1
5426,-31,1
5427,-33,1
5428,-41,1
5429,-33,5
5430,-33,7
5431,-39,3
5432,-41,1
5433,-33,-1
5434,-37,-1
5435,-33,3
5436,-33,7
5437,-27,-1
5438,-25,7
5439,-35,7
5440,-21,-3
5441,-31,-3
5442,-37,5
5443,-37,3
5444,-29,1
5445,-35,7
5446,-27,3
5447,-21,-3
5448,-21,5
5449,-21,5
5450,-17,13
5451,11,-1
5452,-1,-15
5453,-25,-15
5454,-9,-5
5455,-37,-5
5456,-21,1
5457,-21,-5
5458,-35,1
5459,-35,-5
5460,-45,-7
5461,-49,-11
5462,-41,-9
5463,-35,-9
5464,-37,-3
5465,-49,21
5466,-171,11
5467,-129,-45
5468,131,-149
5469,469,-17
5470,545,121
5471,497,203
5472,239,-59
5473,-33,-155
5474,-71,-65
5475,-53,-17
5476,-63,-23
5477,-69,-23
5478,-85,-21
5479,-61,-23
5480,-63,-23
5481,-61,-21
5482,-59,-31
5483,-63,-35
5484,-53,-35
5485,-55,-31
5486,-53,-37
5487,-47,-43
5488,-45,-47
5489,-37,-55
5490,-35,-57
5491,-33,-61
5492,-33,-67
5493,-37,-73
5494,-31,-73
5495,-35,-79
5496,-51,-77
5497,-39,-79
5498,-33,-71
5499,-29,-61
5500,-27,-51
5501,-33,-43
5502,-19,-29
5503,-25,-23
5504,-33,-17
5505,-23,-7
5506,-23,-9
5507,-31,-9
5508,-35,-7
5509,-35,-3
5510,-45,-3
5511,-29,-9
5512,-31,-13
5513,-35,-5
5514,-33,-5
5515,-37,-9
5516,-29,-7
5517,-29,-5
5518,-33,-5
5519,-33,-7
5520,-37,-9
5521,-31,-7
5522,-31,-9
5523,-31,-7
5524,-35,-11
5525,-29,-7
5526,-39,-7
5527,-37,-5
5528,-37,-5
5529,-29,-5
5530,-25,7
5531,-29,1
5532,-13,5
5533,5,-5
5534,1,-15
5535,-13,-17
5536,-33,-11
5537,-31,-15
5538,-31,-13
5539,-31,-9
5540,-37,-13
5541,-41,-9
5542,-43,-9
5543,-47,-11
5544,-49,-13
5545,-41,-13
5546,-33,-13
5547,-79,31
5548,-165,13
5549,-55,-49
5550,227,-105
5551,513,-37
5552,557,51
5553,493,117
5554,151,-139
5555,-75,-141
5556,-67,-45
5557,-69,-11
5558,-73,-17
5559,-79,-19
5560,-71,-21
5561,-69,-17
5562,-71,-23
5563,-63,-21
5564,-69,-23
5565,-59,-25
5566,-57,-27
5567,-55,-33
5568,-49,-35
5569,-47,-37
5570,-49,-35
5571,-43,-43
5572,-39,-49
5573,-47,-49
5574,-29,-55
5575,-25,-57
5576,-35,-59
5577,-31,-61
5578,-31,-59
5579,-41,-61
5580,-39,-57
5581,-31,-41
5582,-43,-39
5583,-35,-35
5584,-29,-29
5585,-13,-21
5586,-41,-17
5587,-35,-15
5588,-25,-11
5589,-31,-9
5590,-31,-3
5591,-39,-9
5592,-31,-7
5593,-37,-9
5594,-37,-7
5595,-39,-11
5596,-41,-7
5597,-43,-11
5598,-39,-11
5599,-21,-9
5600,-31,-11
5601,-37,-17
5602,-29,-11
5603,-39,-3
5604,-31,-11
5605,-43,-13
5606,-35,-23
5607,-21,-15
5608,-35,-7
5609,-41,-11
5610,-27,-9
5611,-21,-1
5612,-29,1
5613,-31,3
5614,-7,-5
5615,-7,-11
5616,-15,-19
5617,-17,-19
5618,-23,-17
5619,-39,-15
5620,-37,-13
5621,-35,-13
5622,-43,-13
5623,-45,-13
5624,-45,-19
5625,-45,-17
5626,-41,-9
5627,-31,-19
5628,-73,19
5629,-173,33
5630,-87,-17
5631,223,-91
5632,529,-57
5633,591,11
5634,519,63
5635,193,-149
5636,-69,-149
5637,-59,-29
5638,-55,-1
5639,-69,-5
5640,-83,-13
5641,-75,-11
5642,-65,-7
5643,-67,-11
5644,-65,-15
5645,-71,-15
5646,-65,-19
5647,-55,-17
5648,-49,-17
5649,-53,-17
5650,-49,-23
5651,-41,-27
5652,-37,-31
5653,-31,-35
5654,-23,-33
5655,-27,-39
5656,-29,-43
5657,-31,-41
5658,-19,-49
5659,-21,-49
5660,-31,-47
5661,-33,-45
5662,-31,-37
5663,-31,-33
5664,-29,-25
5665,-27,-17
5666,-19,-13
5667,-19,-7
5668,-27,-11
5669,-29,-5
5670,-27,-1
5671,-35,-1
5672,-35,-5
5673,-35,-3
5674,-37,-3
5675,-31,-5
5676,-33,1
5677,-27,1
5678,-35,-7
5679,-25,-5
5680,-27,-5
5681,-29,-3
5682,-29,-3
5683,-31,-7
5684,-31,-9
5685,-35,-7
5686,-15,-9
5687,-31,1
5688,-31,-3
5689,-21,-5
5690,-25,-5
5691,-15,-1
5692,-11,5
5693,-11,9
5694,-11,13
5695,3,-3
5696,1,-9
5697,-19,-13
5698,-19,-13
5699,-31,-11
5700,-25,-5
5701,-25,-5
5702,-31,-3
5703,-43,-7
5704,-39,-11
5705,-33,-11
5706,-39,-9
5707,-25,-9
5708,-23,-7
5709,-95,39
5710,-149,35
5711,-9,-53
5712,301,-69
5713,525,-39
5714,555,65
5715,463,15
5716,139,-183
5717,-41,-105
5718,-41,-9
5719,-51,-1
5720,-65,-7
5721,-65,-7
5722,-67,-7
5723,-63,-7
5724,-63,-7
5725,-61,-13
5726,-59,-5
5727,-53,-13
5728,-49,-15
5729,-43,-13
5730,-39,-13
5731,-33,-17
5732,-41,-23
5733,-23,-23
5734,-21,-25
5735,-25,-27
5736,-21,-37
5737,-17,-41
5738,-21,-45
5739,-29,-43
5740,-27,-41
5741,-37,-35
5742,-25,-33
5743,-37,-33
5744,-37,-31
5745,-29,-19
5746,-19,-9
5747,-19,-3
5748,-27,3
5749,-29,1
5750,-29,15
5751,-27,9
5752,-37,1
5753,-35,5
5754,-23,9
5755,-31,7
5756,-29,11
5757,-33,7
5758,-29,5
5759,-33,9
5760,-19,7
5761,-21,5
5762,-19,5
5763,-29,9
5764,-23,7
5765,-23,5
5766,-27,1
5767,-23,5
5768,-19,7
5769,-25,5
5770,-29,3
5771,-31,5
5772,-23,3
5773,-27,1
5774,-27,5
5775,-19,7
5776,-15,7
5777,-7,9
5778,-15,17
5779,-7,13
5780,11,-1
5781,-7,3
5782,-13,-5
5783,-21,-5
5784,-25,-1
5785,-23,3
5786,-19,3
5787,-37,5
5788,-41,-3
5789,-33,-3
5790,-31,3
5791,-41,1
5792,-27,1
5793,-37,7
5794,-129,41
5795,-131,15
5796,93,-57
5797,413,-43
5798,561,-11
5799,515,85
5800,275,-27
5801,-7,-107
5802,-49,-39
5803,-57,-1
5804,-55,5
5805,-57,1
5806,-69,3
5807,-67,5
5808,-59,1
5809,-61,-3
5810,-57,3
5811,-55,-3
5812,-53,-3
5813,-51,-5
5814,-37,-3
5815,-31,-1
5816,-31,-9
5817,-33,-9
5818,-19,-11
5819,-19,-11
5820,-23,-17
5821,-13,-19
5822,-15,-21
5823,-19,-29
5824,-19,-29
5825,-27,-31
5826,-29,-29
5827,-29,-27
5828,-31,-23
5829,-27,-19
5830,-23,-9
5831,-21,-5
5832,-19,-5
5833,-27,1
5834,-27,5
5835,-23,9
5836,-31,1
5837,-29,9
5838,-27,7
5839,-29,5
5840,-27,5
5841,-27,7
5842,-17,7
5843,-27,5
5844,-25,1
5845,-29,7
5846,-19,7
5847,-19,5
5848,-29,5
5849,-19,7
5850,-29,1
5851,-31,3
5852,-21,5
5853,-17,5
5854,-23,3
5855,-31,-1
5856,-29,-1
5857,-27,3
5858,-29,3
5859,-21,3
5860,-13,9
5861,-17,11
5862,-19,15
5863,1,17
5864,1,5
5865,5,-3
5866,-5,-5
5867,-9,-3
5868,-15,-5
5869,-17,3
5870,-23,3
5871,-29,7
5872,-37,-1
5873,-31,-3
5874,-39,-1
5875,-29,5
5876,-29,5
5877,-27,1
5878,-47,35
5879,-143,31
5880,-101,-37
5881,181,-129
5882,487,-45
5883,547,63
5884,473,139
5885,185,-111
5886,-35,-137
5887,-61,-39
5888,-47,3
5889,-53,-1
5890,-65,-5
5891,-59,-3
5892,-59,-5
5893,-57,-7
5894,-55,-7
5895,-53,-13
5896,-55,-9
5897,-49,-7
5898,-45,-15
5899,-41,-19
5900,-41,-25
5901,-27,-19
5902,-21,-19
5903,-11,-27
5904,-23,-25
5905,-13,-43
5906,-15,-41
5907,-15,-49
5908,-27,-51
5909,-9,-49
5910,-17,-47
5911,-21,-53
5912,-31,-51
5913,-19,-37
5914,-23,-31
5915,-21,-23
5916,-21,-15
5917,-15,-9
5918,-15,3
5919,-23,5
5920,-25,7
5921,-27,5
5922,-25,9
5923,-23,11
5924,-27,5
5925,-31,9
5926,-29,3
5927,-15,7
5928,-23,9
5929,-29,5
5930,-25,3
5931,-11,7
5932,-23,3
5933,-17,9
5934,-17,7
5935,-27,7
5936,-19,1
5937,-23,3
5938,-25,5
5939,-17,3
5940,-25,9
5941,-21,1
5942,-23,1
5943,-25,5
5944,-21,5
5945,-27,3
5946,-31,3
5947,-3,9
5948,-17,13
5949,-3,9
5950,9,11
5951,19,-1
5952,-3,-9
5953,-11,-7
5954,-9,-1
5955,-17,3
5956,-25,-1
5957,-19,-3
5958,-37,-3
5959,-29,-5
5960,-33,-7
5961,-41,-1
5962,-19,-3
5963,-19,-1
5964,-59,25
5965,-147,19
5966,-59,-45
5967,233,-125
5968,511,-27
5969,541,93
5970,481,159
5971,151,-101
5972,-59,-143
5973,-61,-49
5974,-51,-9
5975,-63,-13
5976,-61,-15
5977,-63,-13
5978,-61,-13
5979,-59,-13
5980,-57,-19
5981,-43,-17
5982,-47,-13
5983,-51,-23
5984,-47,-27
5985,-39,-29
5986,-33,-25
5987,-43,-31
5988,-35,-37
5989,-17,-49
5990,-19,-49
5991,-27,-53
5992,-21,-57
5993,-21,-61
5994,-17,-63
5995,-17,-59
5996,-31,-65
5997,-27,-61
5998,-27,-51
5999,-23,-39
6000,-19,-41
6001,-21,-31
6002,-23,-17
6003,-21,-13
6004,-19,-11
6005,-17,-3
6006,-21,3
6007,-35,-1
6008,-39,-1
6009,-29,3
6010,-25,-5
6011,-23,-3
6012,-25,-3
6013,-29,-7
6014,-27,-3
6015,-23,-3
6016,-27,-9
6017,-23,1
6018,-25,-3
6019,-25,-9
6020,-37,-11
6021,-23,-7
6022,-19,-5
6023,-23,-7
6024,-27,-9
6025,-33,-5
6026,-29,-1
6027,-31,-5
6028,-27,-7
6029,-31,-9
6030,-35,-5
6031,-23,-1
6032,-23,1
6033,-15,1
6034,-17,9
6035,-11,9
6036,11,-5
6037,-5,-9
6038,-13,-17
6039,-17,-11
6040,-11,-7
6041,-21,-7
6042,-25,-9
6043,-35,-15
6044,-35,-13
6045,-43,-11
6046,-39,-11
6047,-41,-11
6048,-33,-11
6049,-35,9
6050,-145,33
6051,-73,-27
6052,211,-101
6053,507,-45
6054,569,31
6055,505,95
6056,177,-125
6057,-65,-149
6058,-57,-45
6059,-53,-11
6060,-69,-11
6061,-65,-13
6062,-77,-13
6063,-65,-13
6064,-57,-17
6065,-53,-13
6066,-55,-17
6067,-57,-17
6068,-45,-21
6069,-41,-23
6070,-37,-29
6071,-35,-29
6072,-35,-31
6073,-27,-37
6074,-33,-39
6075,-21,-43
6076,-17,-49
6077,-25,-55
6078,-19,-55
6079,-19,-53
6080,-11,-51
6081,-31,-51
6082,-29,-51
6083,-25,-45
6084,-17,-35
6085,-15,-27
6086,-17,-19
6087,-17,-15
6088,-19,-9
6089,-23,-7
6090,-27,-3
6091,-25,-1
6092,-27,-1
6093,-25,-5
6094,-31,-3
6095,-27,3
6096,-25,-3
6097,-25,-1
6098,-29,-9
6099,-29,-7
6100,-23,-5
6101,-23,-1
6102,-23,-1
6103,-23,-9
6104,-27,-7
6105,-23,-5
6106,-19,-5
6107,-27,-9
6108,-27,-9
6109,-23,-1
6110,-23,-5
6111,-27,-9
6112,-23,-7
6113,-15,3
6114,-7,7
6115,-11,9
6116,-3,7
6117,9,-7
6118,3,-13
6119,-9,-13
6120,-23,-13
6121,-23,-7
6122,-23,1
6123,-23,-11
6124,-31,-13
6125,-37,-5
6126,-39,-5
6127,-37,-11
6128,-31,-13
6129,-25,-9
6130,-41,15
6131,-143,39
6132,-121,-1
6133,103,-95
6134,433,-55
6135,577,-11
6136,541,93
6137,307,-89
6138,5,-173
6139,-57,-61
6140,-49,-3
6141,-53,-7
6142,-65,-11
6143,-63,-9
6144,-69,-11
6145,-61,-13
6146,-67,-7
6147,-59,-19
6148,-49,-15
6149,-53,-13
6150,-51,-15
6151,-47,-23
6152,-35,-23
6153,-31,-29
6154,-31,-25
6155,-27,-29
6156,-25,-39
6157,-27,-39
6158,-13,-45
6159,-21,-51
6160,-27,-53
6161,-21,-55
6162,-33,-47
6163,-37,-51
6164,-37,-57
6165,-35,-41
6166,-29,-29
6167,-29,-25
6168,-25,-17
6169,-33,-11
6170,-29,1
6171,-33,-5
6172,-29,-7
6173,-31,1
6174,-33,5
6175,-31,-3
6176,-29,1
6177,-31,-7
6178,-33,-1
6179,-21,3
6180,-33,1
6181,-35,1
6182,-31,-3
6183,-29,1
6184,-27,-1
6185,-29,1
6186,-21,-3
6187,-29,-3
6188,-39,-5
6189,-27,-3
6190,-29,1
6191,-31,-1
6192,-31,-3
6193,-11,9
6194,-11,13
6195,-19,11
6196,-5,7
6197,9,-7
6198,-7,-1
6199,-15,-9
6200,-25,-11
6201,-25,-7
6202,-27,3
6203,-37,-3
6204,-33,-7
6205,-37,-9
6206,-39,-5
6207,-45,-7
6208,-49,-7
6209,-33,-5
6210,-33,-1
6211,-105,41
6212,-159,-1
6213,-33,-95
6214,305,-99
6215,535,-25
6216,561,111
6217,447,79
6218,129,-145
6219,-51,-119
6220,-49,-33
6221,-53,-9
6222,-73,-5
6223,-71,-11
6224,-71,-17
6225,-71,-19
6226,-67,-13
6227,-65,-15
6228,-57,-15
6229,-61,-23
6230,-53,-21
6231,-47,-23
6232,-49,-27
6233,-41,-31
6234,-39,-31
6235,-33,-31
6236,-33,-41
6237,-21,-47
6238,-21,-49
6239,-17,-49
6240,-23,-57
6241,-23,-63
6242,-31,-59
6243,-33,-59
6244,-29,-55
6245,-35,-45
6246,-33,-33
6247,-29,-29
6248,-27,-23
6249,-25,-17
6250,-29,-9
6251,-23,-3
6252,-37,-1
6253,-31,5
6254,-37,1
6255,-41,-1
6256,-31,-3
6257,-35,-1
6258,-41,5
6259,-27,5
6260,-19,3
6261,-29,-3
6262,-35,-1
6263,-33,-1
6264,-33,-1
6265,-29,3
6266,-29,7
6267,-33,-5
6268,-33,-5
6269,-29,-1
6270,-31,3
6271,-37,1
6272,-27,-1
6273,-27,-1
6274,-21,3
6275,-13,5
6276,-23,5
6277,-13,5
6278,5,1
6279,3,-11
6280,-11,-13
6281,-27,1
6282,-31,-5
6283,-21,-1
6284,-29,-5
6285,-33,-3
6286,-45,1
6287,-51,-1
6288,-47,-5
6289,-31,-5
6290,-41,-1
6291,-43,-9
6292,-53,21
6293,-157,15
6294,-111,-49
6295,161,-133
6296,473,-25
6297,535,105
6298,477,181
6299,227,-81
6300,-31,-155
6301,-69,-63
6302,-49,-13
6303,-61,-13
6304,-71,-17
6305,-75,-13
6306,-71,-21
6307,-75,-21
6308,-59,-23
6309,-61,-23
6310,-53,-23
6311,-51,-27
6312,-49,-31
6313,-51,-35
6314,-45,-29
6315,-43,-45
6316,-35,-47
6317,-35,-53
6318,-29,-53
6319,-29,-59
6320,-31,-63
6321,-29,-65
6322,-25,-65
6323,-33,-67
6324,-31,-69
6325,-31,-63
6326,-25,-55
6327,-25,-51
6328,-23,-43
6329,-23,-29
6330,-23,-17
6331,-21,-9
6332,-25,-3
6333,-25,1
6334,-29,1
6335,-33,1
6336,-27,-3
6337,-37,-3
6338,-41,7
6339,-31,3
6340,-35,3
6341,-29,1
6342,-25,5
6343,-29,1
6344,-27,3
6345,-37,5
6346,-27,1
6347,-35,-1
6348,-31,-3
6349,-33,1
6350,-35,1
6351,-43,1
6352,-25,-1
6353,-33,-3
6354,-45,1
6355,-13,9
6356,-11,13
6357,-17,9
6358,-3,7
6359,5,-7
6360,-13,-11
6361,-27,-7
6362,-29,-5
6363,-31,-3
6364,-29,-3
6365,-39,-5
6366,-39,-3
6367,-45,-9
6368,-55,-7
6369,-45,-7
6370,-39,-3
6371,-33,-1
6372,-89,35
6373,-175,15
6374,-67,-45
6375,255,-83
6376,533,-21
6377,569,63
6378,519,117
6379,185,-103
6380,-69,-139
6381,-69,-47
6382,-53,-13
6383,-65,-7
6384,-73,-9
6385,-77,-13
6386,-79,-13
6387,-67,-13
6388,-67,-13
6389,-67,-17
6390,-61,-19
6391,-55,-13
6392,-55,-21
6393,-59,-23
6394,-47,-21
6395,-43,-27
6396,-39,-29
6397,-35,-31
6398,-25,-35
6399,-23,-41
6400,-29,-43
6401,-25,-45
6402,-27,-43
6403,-33,-45
6404,-35,-47
6405,-41,-43
6406,-35,-35
6407,-35,-31
6408,-25,-23
6409,-23,-15
6410,-29,-11
6411,-33,-7
6412,-29,-5
6413,-27,1
6414,-37,3
6415,-45,1
6416,-33,-1
6417,-31,1
6418,-35,3
6419,-35,7
6420,-35,-1
6421,-37,-1
6422,-35,3
6423,-27,-1
6424,-45,-3
6425,-37,3
6426,-33,5
6427,-35,3
6428,-37,1
6429,-25,1
6430,-25,3
6431,-43,-1
6432,-39,1
6433,-33,1
6434,-21,9
6435,-15,13
6436,-15,11
6437,-19,13
6438,1,5
6439,-9,-5
6440,-15,-11
6441,-25,-1
6442,-31,-1
6443,-39,-1
6444,-39,-3
6445,-37,-5
6446,-43,-1
6447,-47,-5
6448,-53,-5
6449,-35,-5
6450,-35,-3
6451,-39,3
6452,-117,47
6453,-173,17
6454,1,-65
6455,347,-47
6456,551,-19
6457,549,101
6458,425,-17
6459,81,-171
6460,-55,-81
6461,-45,-9
6462,-49,1
6463,-69,-1
6464,-73,-7
6465,-71,-5
6466,-73,-5
6467,-69,-5
6468,-65,-7
6469,-57,-5
6470,-53,-11
6471,-47,-9
6472,-47,-11
6473,-47,-13
6474,-39,-13
6475,-33,-15
6476,-33,-21
6477,-25,-25
6478,-21,-23
6479,-23,-29
6480,-27,-39
6481,-23,-41
6482,-27,-37
6483,-29,-41
6484,-31,-37
6485,-37,-33
6486,-43,-27
6487,-31,-21
6488,-29,-19
6489,-25,-11
6490,-27,-3
6491,-39,1
6492,-29,1
6493,-35,5
6494,-29,11
6495,-31,7
6496,-29,5
6497,-37,5
6498,-27,9
6499,-39,7
6500,-27,7
6501,-27,1
6502,-35,3
6503,-31,3
6504,-31,1
6505,-27,3
6506,-31,5
6507,-39,3
6508,-27,1
6509,-29,5
6510,-29,-1
6511,-33,1
6512,-23,5
6513,-19,13
6514,-13,15
6515,-17,15
6516,5,-3
6517,-3,-7
6518,-15,-3
6519,-35,-5
6520,-21,-3
6521,-27,-1
6522,-33,3
6523,-35,-1
6524,-45,-5
6525,-49,-5
6526,-45,3
6527,-47,-3
6528,-39,-5
6529,-41,-1
6530,-85,43
6531,-175,19
6532,-105,-53
6533,167,-109
6534,493,-43
6535,589,75
6536,529,127
6537,261,-115
6538,-27,-133
6539,-61,-33
6540,-59,-7
6541,-71,-5
6542,-75,-3
6543,-65,-11
6544,-71,-11
6545,-69,-11
6546,-63,-11
6547,-63,-15
6548,-63,-15
6549,-61,-17
6550,-49,-13
6551,-51,-19
6552,-49,-23
6553,-37,-25
6554,-29,-21
6555,-29,-31
6556,-27,-39
6557,-29,-39
6558,-21,-41
6559,-21,-51
6560,-15,-55
6561,-27,-53
6562,-27,-53
6563,-37,-51
6564,-41,-51
6565,-37,-41
6566,-33,-29
6567,-23,-23
6568,-23,-17
6569,-27,-7
6570,-23,-1
6571,-29,-3
6572,-35,-3
6573,-31,1
6574,-33,-1
6575,-29,3
6576,-35,3
6577,-35,1
6578,-31,-3
6579,-29,-3
6580,-29,-5
6581,-31,-1
6582,-25,1
6583,-31,-1
6584,-33,-3
6585,-31,-3
6586,-31,-1
6587,-27,1
6588,-31,-3
6589,-37,-5
6590,-25,1
6591,-21,-1
6592,-19,7
6593,-17,7
6594,-19,13
6595,-7,3
6596,7,-11
6597,-1,-9
6598,-9,-5
6599,-19,-7
6600,-29,-3
6601,-27,-5
6602,-27,-3
6603,-35,-7
6604,-37,-7
6605,-45,-1
6606,-35,-3
6607,-43,-7
6608,-35,-5
6609,-31,9
6610,-141,37
6611,-157,-23
6612,63,-135
6613,433,-41
6614,579,91
6615,519,171
6616,245,-107
6617,-29,-153
6618,-63,-51
6619,-61,-9
6620,-61,-13
6621,-61,-15
6622,-63,-15
6623,-63,-17
6624,-59,-19
6625,-57,-21
6626,-53,-21
6627,-53,-25
6628,-49,-29
6629,-45,-27
6630,-43,-27
6631,-39,-35
6632,-45,-39
6633,-29,-39
6634,-27,-41
6635,-27,-55
6636,-25,-61
6637,-13,-63
6638,-17,-67
6639,-21,-71
6640,-37,-73
6641,-29,-73
6642,-25,-65
6643,-27,-63
6644,-25,-55
6645,-23,-41
6646,-15,-31
6647,-13,-23
6648,-17,-17
6649,-21,-9
6650,-31,-5
6651,-21,-1
6652,-27,-7
6653,-33,-7
6654,-27,-3
6655,-23,-3
6656,-27,-5
6657,-27,-5
6658,-25,3
6659,-27,-3
6660,-35,1
6661,-29,-3
6662,-27,-3
6663,-29,-3
6664,-31,-7
6665,-29,-7
6666,-25,-1
6667,-27,-5
6668,-27,-3
6669,-25,-5
6670,-25,1
6671,-21,7
6672,-17,5
6673,-17,1
6674,7,-5
6675,3,-13
6676,-13,-13
6677,-19,-13
6678,-27,-11
6679,-29,-5
6680,-25,-7
6681,-29,-9
6682,-37,-11
6683,-45,-9
6684,-51,-9
6685,-43,-9
6686,-27,-5
6687,-29,-9
6688,-67,25
6689,-183,19
6690,-109,-31
6691,139,-101
6692,469,-37
6693,567,41
6694,517,139
6695,255,-89
6696,-39,-149
6697,-73,-57
6698,-51,-9
6699,-59,-11
6700,-69,-17
6701,-71,-17
6702,-61,-15
6703,-69,-19
6704,-69,-19
6705,-59,-17
6706,-53,-19
6707,-57,-23
6708,-57,-27
6709,-45,-27
6710,-35,-29
6711,-41,-33
6712,-37,-35
6713,-33,-39
6714,-33,-45
6715,-29,-53
6716,-23,-57
6717,-27,-57
6718,-31,-55
6719,-31,-53
6720,-35,-53
6721,-41,-51
6722,-41,-41
6723,-33,-41
6724,-21,-33
6725,-21,-21
6726,-19,-13
6727,-27,-9
6728,-31,-13
6729,-29,-7
6730,-27,-3
6731,-29,-3
6732,-37,-5
6733,-37,-5
6734,-27,-1
6735,-35,-5
6736,-31,-5
6737,-27,-3
6738,-35,-7
6739,-31,-9
6740,-31,-11
6741,-29,-5
6742,-27,-5
6743,-31,-5
6744,-37,-9
6745,-37,-5
6746,-21,-3
6747,-29,-3
6748,-13,7
6749,-17,9
6750,-19,13
6751,-11,5
6752,3,-11
6753,1,-11
6754,-17,-11
6755,-33,-7
6756,-21,-5
6757,-23,-3
6758,-25,-1
6759,-41,-7
6760,-43,-9
6761,-41,-7
6762,-35,-5
6763,-39,-5
6764,-27,-1
6765,-33,15
6766,-149,47
6767,-165,1
6768,27,-87
6769,369,-41
6770,547,-1
6771,539,109
6772,377,-73
6773,59,-173
6774,-47,-63
6775,-45,-3
6776,-51,-3
6777,-61,-3
6778,-63,-5
6779,-57,-9
6780,-53,-9
6781,-55,-7
6782,-57,-9
6783,-53,-9
6784,-49,-13
6785,-49,-15
6786,-39,-7
6787,-37,-15
6788,-35,-21
6789,-27,-23
6790,-27,-23
6791,-23,-23
6792,-21,-35
6793,-19,-33
6794,-23,-41
6795,-23,-47
6796,-25,-41
6797,-29,-45
6798,-35,-43
6799,-39,-41
6800,-41,-35
6801,-29,-31
6802,-29,-17
6803,-23,-13
6804,-29,-11
6805,-33,-5
6806,-25,1
6807,-27,-1
6808,-27,5
6809,-29,3
6810,-27,3
6811,-31,3
6812,-27,-3
6813,-37,1
6814,-29,1
6815,-27,1
6816,-33,-3
6817,-33,1
6818,-27,-1
6819,-23,-1
6820,-37,3
6821,-29,-7
6822,-29,-1
6823,-27,3
6824,-35,-1
6825,-27,5
6826,-17,11
6827,-15,11
6828,-21,15
6829,-15,13
6830,7,-1
6831,-3,-11
6832,-21,-9
6833,-25,1
6834,-27,3
6835,-33,5
6836,-33,-3
6837,-45,-3
6838,-47,5
6839,-57,7
6840,-49,-1
6841,-41,-3
6842,-39,1
6843,-47,35
6844,-181,37
6845,-155,-31
6846,101,-115
6847,465,-39
6848,587,99
6849,521,119
6850,247,-145
6851,-33,-127
6852,-63,-31
6853,-57,-3
6854,-63,-5
6855,-71,-3
6856,-85,-7
6857,-81,-9
6858,-67,-5
6859,-63,-7
6860,-67,-15
6861,-67,-17
6862,-61,-11
6863,-65,-17
6864,-55,-19
6865,-43,-19
6866,-41,-25
6867,-47,-23
6868,-35,-33
6869,-37,-39
6870,-23,-39
6871,-33,-45
6872,-31,-47
6873,-33,-59
6874,-35,-55
6875,-35,-53
6876,-41,-51
6877,-47,-49
6878,-41,-37
6879,-35,-31
6880,-29,-27
6881,-37,-11
6882,-25,-9
6883,-31,-1
6884,-39,7
6885,-37,-3
6886,-39,1
6887,-41,3
6888,-37,-1
6889,-43,1
6890,-37,3
6891,-31,3
6892,-37,-1
6893,-33,-1
6894,-31,7
6895,-37,1
6896,-33,-1
6897,-37,1
6898,-33,3
6899,-41,1
6900,-37,-3
6901,-37,-1
6902,-37,-1
6903,-29,1
6904,-23,7
6905,-15,13
6906,-21,15
6907,-9,3
6908,-5,-11
6909,-19,-15
6910,-23,-3
6911,-29,-1
6912,-27,1
6913,-43,1
6914,-41,-7
6915,-47,-1
6916,-53,-5
6917,-47,1
6918,-37,-7
6919,-39,-5
6920,-39,-3
6921,-75,37
6922,-187,13
6923,-141,-71
6924,127,-135
6925,471,-13
6926,571,137
6927,497,151
6928,165,-145
6929,-63,-123
6930,-67,-31
6931,-67,-11
6932,-69,-15
6933,-73,-17
6934,-75,-17
6935,-75,-21
6936,-67,-23
6937,-75,-23
6938,-69,-21
6939,-59,-27
6940,-61,-33
6941,-51,-33
6942,-55,-33
6943,-51,-35
6944,-51,-49
6945,-39,-57
6946,-35,-57
6947,-35,-63
6948,-35,-65
6949,-35,-71
6950,-37,-73
6951,-33,-73
6952,-51,-69
6953,-47,-81
6954,-43,-71
6955,-41,-61
6956,-31,-55
6957,-33,-41
6958,-31,-25
6959,-27,-19
6960,-27,-13
6961,-33,-7
6962,-37,-9
6963,-37,-11
6964,-45,-7
6965,-39,-1
6966,-31,-3
6967,-37,-3
6968,-39,-1
6969,-37,-3
6970,-33,-1
6971,-47,-5
6972,-41,-5
6973,-39,-7
6974,-29,-5
6975,-37,-1
6976,-47,-5
6977,-39,-5
6978,-45,-3
6979,-35,-3
6980,-37,-7
6981,-45,-5
6982,-37,-3
6983,-29,3
6984,-27,9
6985,-25,7
6986,-37,11
6987,-1,-1
6988,-7,-11
6989,-31,-13
6990,-29,-9
6991,-33,-7
6992,-31,-3
6993,-37,-3
6994,-43,-5
6995,-47,-11
6996,-53,-9
6997,-51,-7
6998,-43,-3
6999,-47,-5
7000,-47,1
7001,-97,35
7002,-185,-5
7003,-61,-75
7004,245,-79
7005,521,-13
7006,541,113
7007,449,101
7008,93,-159
7009,-81,-115
7010,-67,-21
7011,-61,-5
7012,-73,-13
7013,-77,-9
7014,-77,-15
7015,-75,-17
7016,-75,-19
7017,-67,-17
7018,-69,-15
7019,-71,-15
7020,-55,-23
7021,-51,-17
7022,-49,-23
7023,-49,-31
7024,-43,-31
7025,-37,-37
7026,-35,-39
7027,-41,-43
7028,-33,-45
7029,-33,-55
7030,-33,-53
7031,-35,-53
7032,-49,-47
7033,-43,-47
7034,-41,-47
7035,-31,-41
7036,-27,-29
7037,-23,-21
7038,-19,-15
7039,-27,-11
7040,-35,-3
7041,-33,-3
7042,-27,-1
7043,-29,7
7044,-35,5
7045,-35,-1
7046,-33,3
7047,-29,1
7048,-39,-1
7049,-41,-1
7050,-33,-1
7051,-37,5
7052,-33,5
7053,-27,-1
7054,-33,5
7055,-41,-1
7056,-31,-1
7057,-29,-1
7058,-33,-1
7059,-35,5
7060,-35,3
7061,-25,5
7062,-17,19
7063,-21,13
7064,-29,13
7065,-5,13
7066,1,1
7067,-9,-9
7068,-17,-3
7069,-19,-5
7070,-23,5
7071,-35,7
7072,-35,-3
7073,-41,1
7074,-55,-1
7075,-51,-1
7076,-45,-3
7077,-29,-1
7078,-37,11
7079,-79,47
7080,-185,23
7081,-89,-39
7082,197,-73
7083,499,-23
7084,585,65
7085,521,109
7086,219,-133
7087,-43,-121
7088,-57,-27
7089,-59,1
7090,-63,-1
7091,-65,-3
7092,-69,-1
7093,-67,-7
7094,-67,-5
7095,-67,-9
7096,-53,-9
7097,-55,-11
7098,-59,-7
7099,-51,-11
7100,-39,-15
7101,-37,-17
7102,-33,-19
7103,-33,-23
7104,-27,-29
7105,-33,-31
7106,-23,-31
7107,-25,-43
7108,-23,-41
7109,-27,-47
7110,-35,-45
7111,-39,-39
7112,-35,-39
7113,-37,-39
7114,-37,-27
7115,-27,-19
7116,-19,-15
7117,-19,-5
7118,-21,-1
7119,-25,-1
7120,-23,1
7121,-25,5
7122,-29,11
7123,-23,3
7124,-27,3
7125,-25,5
7126,-27,9
7127,-23,-1
7128,-29,-1
7129,-25,1
7130,-21,5
7131,-21,5
7132,-25,1
7133,-23,1
7134,-29,5
7135,-23,5
7136,-19,5
7137,-23,5
7138,-23,11
7139,-13,15
7140,-11,19
7141,-11,21
7142,-3,21
7143,7,5
7144,1,1
7145,-13,-5
7146,-7,3
7147,-23,7
7148,-15,13
7149,-23,7
7150,-33,5
7151,-35,9
7152,-39,1
7153,-37,3
7154,-39,5
7155,-23,5
7156,-43,29
7157,-169,39
7158,-137,-21
7159,129,-107
7160,473,-43
7161,587,71
7162,551,145
7163,317,-103
7164,7,-157
7165,-55,-43
7166,-51,5
7167,-55,-3
7168,-63,-7
7169,-71,-5
7170,-55,-5
7171,-61,-5
7172,-59,-15
7173,-53,-13
7174,-51,-9
7175,-51,-15
7176,-49,-17
7177,-43,-21
7178,-37,-21
7179,-33,-27
7180,-29,-23
7181,-27,-31
7182,-25,-37
7183,-23,-41
7184,-13,-45
7185,-15,-51
7186,-19,-47
7187,-23,-53
7188,-33,-51
7189,-33,-55
7190,-39,-53
7191,-31,-41
7192,-27,-33
7193,-21,-27
7194,-23,-9
7195,-23,-11
7196,-21,-5
7197,-21,-3
7198,-27,-1
7199,-21,3
7200,-21,1
7201,-25,1
7202,-29,-1
7203,-25,-3
7204,-27,-3
7205,-29,-3
7206,-19,3
7207,-19,1
7208,-27,-3
7209,-23,-1
7210,-19,-3
7211,-21,-5
7212,-23,-5
7213,-21,-1
7214,-35,-3
7215,-19,-5
7216,-35,-3
7217,-25,-1
7218,-11,7
7219,-9,5
7220,-13,5
7221,-9,7
7222,13,-1
7223,13,-9
7224,-7,-17
7225,-15,-5
7226,-27,-7
7227,-17,1
7228,-25,-5
7229,-25,-5
7230,-33,-5
7231,-43,-7
7232,-35,-5
7233,-35,1
7234,-33,-9
7235,-37,11
7236,-141,31
7237,-163,-31
7238,77,-147
7239,443,-45
7240,573,95
7241,515,159
7242,219,-121
7243,-31,-137
7244,-57,-35
7245,-63,-7
7246,-63,-7
7247,-67,-17
7248,-69,-21
7249,-65,-15
7250,-61,-17
7251,-57,-17
7252,-57,-23
7253,-51,-21
7254,-49,-23
7255,-45,-29
7256,-45,-35
7257,-41,-31
7258,-43,-31
7259,-25,-37
7260,-25,-45
7261,-31,-49
7262,-25,-51
7263,-21,-61
7264,-21,-67
7265,-25,-69
7266,-31,-67
7267,-29,-65
7268,-37,-69
7269,-31,-57
7270,-35,-59
7271,-23,-47
7272,-23,-35
7273,-17,-23
7274,-15,-13
7275,-31,-13
7276,-19,-7
7277,-21,-3
7278,-23,-3
7279,-29,-3
7280,-27,-5
7281,-31,-5
7282,-21,-3
7283,-31,1
7284,-33,-7
7285,-23,-3
7286,-21,-7
7287,-27,-1
7288,-29,-3
7289,-23,-3
7290,-25,-11
7291,-27,-5
7292,-37,-3
7293,-21,-1
7294,-29,-7
7295,-27,-1
7296,-23,-1
7297,-31,-5
7298,-25,-3
7299,-15,3
7300,-19,3
7301,-17,9
7302,-5,9
7303,15,-7
7304,-1,-15
7305,-15,-13
7306,-25,-11
7307,-19,-9
7308,-31,-1
7309,-29,-11
7310,-43,-9
7311,-43,-5
7312,-37,-9
7313,-41,-9
7314,-39,-9
7315,-27,-11
7316,-59,21
7317,-171,7
7318,-91,-65
7319,189,-127
7320,499,-17
7321,557,105
7322,497,161
7323,191,-109
7324,-55,-149
7325,-67,-55
7326,-55,-13
7327,-71,-19
7328,-67,-23
7329,-73,-23
7330,-73,-17
7331,-61,-23
7332,-59,-25
7333,-65,-29
7334,-57,-25
7335,-51,-29
7336,-57,-41
7337,-47,-35
7338,-41,-29
7339,-41,-41
7340,-35,-51
7341,-33,-53
7342,-31,-57
7343,-31,-63
7344,-29,-61
7345,-37,-73
7346,-41,-71
7347,-43,-71
7348,-43,-67
7349,-49,-61
7350,-39,-55
7351,-21,-47
7352,-23,-37
7353,-21,-23
7354,-15,-21
7355,-25,-15
7356,-27,-13
7357,-27,-13
7358,-31,-3
7359,-33,-7
7360,-31,-9
7361,-37,-5
7362,-33,-1
7363,-37,-3
7364,-37,-9
7365,-31,-11
7366,-33,-5
7367,-31,-7
7368,-29,-1
7369,-35,-3
7370,-33,-3
7371,-33,-9
7372,-43,-7
7373,-39,-5
7374,-25,-7
7375,-27,-1
7376,-21,-1
7377,-17,5
7378,-21,9
7379,-19,13
7380,-11,3
7381,-5,-11
7382,-11,-17
7383,-15,-9
7384,-21,-9
7385,-31,-1
7386,-31,-1
7387,-35,-7
7388,-41,-9
7389,-41,-13
7390,-41,-9
7391,-39,-7
7392,-41,-5
7393,-33,-1
7394,-79,31
7395,-185,25
7396,-91,-41
7397,235,-87
7398,537,-19
7399,571,89
7400,459,59
7401,69,-173
7402,-75,-93
7403,-61,-13
7404,-61,-9
7405,-67,-7
7406,-67,-9
7407,-71,-9
7408,-77,-17
7409,-65,-17
7410,-63,-11
7411,-55,-13
7412,-53,-17
7413,-49,-21
7414,-49,-21
7415,-41,-25
7416,-37,-29
7417,-39,-31
7418,-39,-31
7419,-25,-41
7420,-25,-41
7421,-27,-41
7422,-37,-51
7423,-31,-53
7424,-25,-49
7425,-31,-45
7426,-35,-43
7427,-43,-39
7428,-31,-33
7429,-27,-27
7430,-25,-15
7431,-23,-13
7432,-21,-7
7433,-21,1
7434,-27,1
7435,-27,3
7436,-33,1
7437,-37,3
7438,-25,5
7439,-35,3
7440,-33,1
7441,-25,5
7442,-23,5
7443,-29,3
7444,-29,-1
7445,-25,-3
7446,-37,3
7447,-25,7
7448,-23,1
7449,-23,-1
7450,-29,3
7451,-27,3
7452,-23,5
7453,-19,9
7454,-11,13
7455,-9,17
7456,-9,17
7457,11,1
7458,-3,-3
7459,-15,-3
7460,-25,-5
7461,-17,3
7462,-19,7
7463,-25,-1
7464,-37,-5
7465,-47,-1
7466,-37,3
7467,-37,-1
7468,-39,1
7469,-33,1
7470,-53,27
7471,-179,45
7472,-157,-9
7473,93,-89
7474,475,-33
7475,605,45
7476,543,117
7477,297,-109
7478,-9,-149
7479,-51,-41
7480,-45,3
7481,-59,3
7482,-67,-1
7483,-67,-5
7484,-63,-3
7485,-63,-3
7486,-59,-5
7487,-57,-5
7488,-59,-3
7489,-53,-11
7490,-41,-13
7491,-35,-11
7492,-39,-15
7493,-35,-15
7494,-29,-19
7495,-29,-23
7496,-27,-29
7497,-25,-33
7498,-23,-31
7499,-21,-39
7500,-25,-47
7501,-33,-43
7502,-37,-39
7503,-43,-39
7504,-45,-37
7505,-37,-33
7506,-31,-15
7507,-23,-11
7508,-21,-9
7509,-33,-3
7510,-27,7
7511,-23,5
7512,-25,9
7513,-27,9
7514,-29,7
7515,-33,3
7516,-27,5
7517,-33,5
7518,-27,13
7519,-27,3
7520,-21,1
7521,-29,3
7522,-27,5
7523,-23,7
7524,-27,3
7525,-29,7
7526,-27,1
7527,-19,1
7528,-21,7
7529,-11,9
7530,-15,13
7531,-23,17
7532,-5,17
7533,13,1
7534,-1,1
7535,-13,-7
7536,-15,-3
7537,-19,5
7538,-27,7
7539,-35,-5
7540,-33,-1
7541,-31,1
7542,-37,-1
7543,-35,1
7544,-39,-1
7545,-37,-3
7546,-43,25
7547,-177,39
7548,-157,-17
7549,111,-119
7550,441,-41
7551,579,61
7552,535,155
7553,285,-97
7554,-5,-151
7555,-57,-41
7556,-45,-3
7557,-57,-7
7558,-67,-5
7559,-77,-9
7560,-77,-11
7561,-57,-9
7562,-63,-5
7563,-59,-13
7564,-53,-15
7565,-51,-15
7566,-53,-17
7567,-45,-19
7568,-37,-21
7569,-35,-19
7570,-37,-27
7571,-33,-31
7572,-27,-37
7573,-25,-41
7574,-19,-41
7575,-23,-47
7576,-31,-55
7577,-29,-51
7578,-37,-53
7579,-37,-49
7580,-45,-51
7581,-31,-37
7582,-29,-27
7583,-27,-21
7584,-27,-15
7585,-23,-11
7586,-25,-5
7587,-29,3
7588,-23,1
7589,-31,3
7590,-31,3
7591,-29,-1
7592,-29,-1
7593,-35,5
7594,-25,3
7595,-27,1
7596,-37,1
7597,-27,3
7598,-23,1
7599,-27,-1
7600,-31,1
7601,-33,-1
7602,-25,1
7603,-19,5
7604,-31,-1
7605,-31,-3
7606,-19,1
7607,-9,11
7608,-21,13
7609,-21,13
7610,9,5
7611,7,-7
7612,-9,-15
7613,-19,-7
7614,-17,-5
7615,-23,1
7616,-29,3
7617,-33,1
7618,-41,-3
7619,-45,-7
7620,-39,-9
7621,-37,-7
7622,-41,-3
7623,-43,5
7624,-119,39
7625,-171,-3
7626,-67,-105
7627,245,-103
7628,515,11
7629,537,163
7630,425,71
7631,99,-159
7632,-55,-105
7633,-57,-23
7634,-65,-11
7635,-69,-13
7636,-65,-15
7637,-69,-15
7638,-61,-21
7639,-61,-19
7640,-71,-25
7641,-57,-25
7642,-51,-23
7643,-59,-23
7644,-51,-33
7645,-37,-39
7646,-37,-35
7647,-37,-45
7648,-37,-45
7649,-33,-51
7650,-27,-59
7651,-21,-63
7652,-27,-73
7653,-33,-77
7654,-27,-69
7655,-35,-73
7656,-39,-73
7657,-37,-65
7658,-31,-51
7659,-27,-43
7660,-29,-33
7661,-15,-27
7662,-19,-11
7663,-29,-5
7664,-25,-11
7665,-31,-5
7666,-31,-3
7667,-39,-3
7668,-27,-7
7669,-25,-5
7670,-29,-3
7671,-31,-1
7672,-31,-7
7673,-25,-7
7674,-25,1
7675,-31,-7
7676,-29,-11
7677,-35,-7
7678,-29,-5
7679,-33,-5
